"kingdom","phylum","class","order","family","genus","valid_name","scientificname","adult","adult_simple","adult_tidy","valid_AphiaID","rank"
"Animalia","Mollusca","Bivalvia","Cardiida","Semelidae","Abra","Abra nitida","Abra nitida","benthos","Macrobenthos","Macrobenthos"," 141435","Species"
"Animalia","Mollusca","Polyplacophora","Chitonida","Acanthochitonidae","Acanthochitona","Acanthochitona crinita","Acanthochitona crinita","benthos","Macrobenthos","Macrobenthos"," 138675","Species"
"Chromista","Ochrophyta","Phaeophyceae","Ectocarpales","Acinetosporaceae","Acinetospora","Acinetospora filamentosa","Acinetospora filamentosa","macroalgae","Macroalgae","Macroalgae","1369205","Species"
"Plantae","Rhodophyta","Florideophyceae","Acrochaetiales","Acrochaetiaceae","Acrochaetium","Acrochaetium humile","Acrochaetium humile","macroalgae","Macroalgae","Macroalgae"," 144356","Species"
"Plantae","Rhodophyta","Florideophyceae","Acrochaetiales","Acrochaetiaceae","Acrochaetium","Acrochaetium luxurians","Acrochaetium luxurians","macroalgae","Macroalgae","Macroalgae"," 547853","Species"
"Plantae","Rhodophyta","Florideophyceae","Acrochaetiales","Acrochaetiaceae","Acrochaetium","Acrochaetium moniliforme","Acrochaetium moniliforme","macroalgae","Macroalgae","Macroalgae"," 144372","Species"
"Plantae","Rhodophyta","Florideophyceae","Acrochaetiales","Acrochaetiaceae","Acrochaetium","Acrochaetium parvulum","Acrochaetium parvulum","macroalgae","Macroalgae","Macroalgae"," 144377","Species"
"Plantae","Rhodophyta","Florideophyceae","Acrochaetiales","Acrochaetiaceae","Acrochaetium","Acrochaetium plumosum","Acrochaetium plumosum","macroalgae","Macroalgae","Macroalgae"," 372088","Species"
"Plantae","Rhodophyta","Florideophyceae","Acrochaetiales","Acrochaetiaceae","Acrochaetium","Acrochaetium secundatum","Acrochaetium secundatum","macroalgae","Macroalgae","Macroalgae"," 144387","Species"
"Animalia","Echinodermata","Ophiuroidea","Amphilepidida","Amphiuridae","Acrocnida","Acrocnida brachiata","Acrocnida brachiata","macrobenthos","Macrobenthos","Macrobenthos"," 236130","Species"
"Plantae","Rhodophyta","Florideophyceae","Ceramiales","Delesseriaceae","Acrosorium","Acrosorium ciliolatum","Acrosorium ciliolatum","macroalgae","Macroalgae","Macroalgae"," 295874","Species"
"Chromista","Ochrophyta","Phaeophyceae","Ectocarpales","Chordariaceae","Acrothrix","Acrothrix gracilis","Acrothrix gracilis","macroalgae","Macroalgae","Macroalgae"," 144908","Species"
"Animalia","Cnidaria","Hexacorallia","Actiniaria","Actiniidae","Actinia","Actinia","Actinia",NA,NA,NA," 100694","Genus"
"Animalia","Mollusca","Gastropoda","Nudibranchia","Aeolidiidae","Aeolidia","Aeolidia","Aeolidia","benthos","Macrobenthos","Macrobenthos"," 137630","Genus"
"Animalia","Cnidaria","Hydrozoa","Leptothecata","Aequoreidae","Aequorea","Aequorea vitrina","Aequorea vitrina",NA,NA,NA," 117273","Species"
"Animalia","Mollusca","Gastropoda","Littorinimorpha","Littorinidae","Afrolittorina","Afrolittorina knysnaensis","Afrolittorina knysnaensis","benthos","Macrobenthos","Macrobenthos"," 446837","Species"
"Animalia","Cnidaria","Hydrozoa","Leptothecata","Aglaopheniidae","Aglaophenia","Aglaophenia","Aglaophenia",NA,NA,NA," 116999","Genus"
"Animalia","Cnidaria","Hydrozoa","Leptothecata","Aglaopheniidae","Aglaophenia","Aglaophenia pluma","Aglaophenia pluma",NA,NA,NA," 117283","Species"
"Plantae","Rhodophyta","Florideophyceae","Ahnfeltiales","Ahnfeltiaceae","Ahnfeltia","Ahnfeltia plicata","Ahnfeltia plicata","macroalgae","Macroalgae","Macroalgae"," 144422","Species"
"Plantae","Rhodophyta","Florideophyceae","Gigartinales","Phyllophoraceae","Ahnfeltiopsis","Ahnfeltiopsis devoniensis","Ahnfeltiopsis devoniensis","macroalgae","Macroalgae","Macroalgae"," 145651","Species"
"Animalia","Annelida","Clitellata","Tubificida","Naididae","Aktedrilus","Aktedrilus arcticus","Aktedrilus arcticus","benthos","Macrobenthos","Macrobenthos"," 137502","Species"
"Chromista","Ochrophyta","Phaeophyceae","Laminariales","Alariaceae","Alaria","Alaria","Alaria","macroalgae","Macroalgae","Macroalgae"," 144194","Genus"
"Animalia","Cnidaria","Octocorallia","Malacalcyonacea","Alcyoniidae","Alcyonium","Alcyonium","Alcyonium","megabenthos","Macrobenthos","Macrobenthos"," 125284","Genus"
"Animalia","Annelida","Polychaeta","Phyllodocida","Nereididae","Alitta","Alitta virens","Alitta virens","megabenthos","Macrobenthos","Macrobenthos"," 234851","Species"
"Animalia","Bryozoa","Gymnolaemata","Ctenostomatida","Vesiculariidae","Amathia","Amathia citrina","Amathia citrina","macrobenthos","Macrobenthos","Macrobenthos"," 851584","Species"
"Animalia","Bryozoa","Gymnolaemata","Ctenostomatida","Vesiculariidae","Amathia","Amathia gracilis","Amathia gracilis","macrobenthos","Macrobenthos","Macrobenthos"," 851589","Species"
"Animalia","Bryozoa","Gymnolaemata","Ctenostomatida","Vesiculariidae","Amathia","Amathia imbricata","Amathia imbricata","macrobenthos","Macrobenthos","Macrobenthos"," 851593","Species"
"Animalia","Bryozoa","Gymnolaemata","Ctenostomatida","Vesiculariidae","Amathia","Amathia lendigera","Amathia lendigera","macrobenthos","Macrobenthos","Macrobenthos"," 111659","Species"
"Animalia","Bryozoa","Gymnolaemata","Ctenostomatida","Vesiculariidae","Amathia","Amathia pustulosa","Amathia pustulosa","macrobenthos","Macrobenthos","Macrobenthos"," 851599","Species"
"Animalia","Annelida","Polychaeta","Phyllodocida","Syllidae","Amblyosyllis","Amblyosyllis spectabilis","Amblyosyllis spectabilis","macrobenthos","Macrobenthos","Macrobenthos","1258721","Species"
"Animalia","Arthropoda","Arachnida","Sarcoptiformes","Ameronothridae","Ameronothrus","Ameronothrus maculatus","Ameronothrus maculatus",NA,NA,NA," 508290","Species"
"Animalia","Arthropoda","Copepoda","Harpacticoida","Miraciidae","Amphiascopsis","Amphiascopsis cinctus","Amphiascopsis cinctus","meiobenthos","Macrobenthos","Macrobenthos"," 115906","Species"
"Animalia","Annelida","Clitellata","Tubificida","Naididae","Amphichaeta","Amphichaeta sannio","Amphichaeta sannio","meiobenthos","Macrobenthos","Macrobenthos"," 137477","Species"
"Animalia","Cnidaria","Hydrozoa","Anthoathecata","Pandeidae","Amphinema","Amphinema dinema","Amphinema dinema",NA,NA,NA," 117778","Species"
"Animalia","Echinodermata","Ophiuroidea","Amphilepidida","Amphiuridae","Amphipholis","Amphipholis squamata","Amphipholis squamata","macrobenthos","Macrobenthos","Macrobenthos"," 125064","Species"
"Animalia","Arthropoda","Malacostraca","Amphipoda","Ampithoidae","Amphitholina","Amphitholina cuniculus","Amphitholina cuniculus","macrobenthos","Macrobenthos","Macrobenthos"," 101992","Species"
"Animalia","Echinodermata","Ophiuroidea","Amphilepidida","Amphiuridae","Amphiura","Amphiura filiformis","Amphiura filiformis","macrobenthos","Macrobenthos","Macrobenthos"," 125080","Species"
"Animalia","Arthropoda","Malacostraca","Amphipoda","Ampithoidae","Ampithoe","Ampithoe rubricata","Ampithoe rubricata","macrobenthos","Macrobenthos","Macrobenthos"," 102002","Species"
"Animalia","Mollusca","Gastropoda","Nudibranchia","Goniodorididae","Ancula","Ancula gibbosa","Ancula gibbosa","benthos","Macrobenthos","Macrobenthos"," 140029","Species"
"Animalia","Cnidaria","Hydrozoa","Leptothecata","Halopterididae","Antennella","Antennella secundaria","Antennella secundaria",NA,NA,NA," 117628","Species"
"Animalia","Arthropoda","Hexapoda",NA,"Neanuridae","Anurida","Anurida maritima","Anurida maritima",NA,NA,NA," 118139","Species"
"Animalia","Annelida","Polychaeta","Spionida","Spionidae","Aonides","Aonides oxycephala","Aonides oxycephala","macrobenthos","Macrobenthos","Macrobenthos"," 131106","Species"
"Animalia","Arthropoda","Malacostraca","Amphipoda","Aoridae","Aora","Aora gracilis","Aora gracilis","macrobenthos","Macrobenthos","Macrobenthos"," 102012","Species"
"Animalia","Arthropoda","Malacostraca","Amphipoda","Calliopiidae","Apherusa","Apherusa jurinei","Apherusa jurinei","macrobenthos","Macrobenthos","Macrobenthos"," 102168","Species"
"Plantae","Rhodophyta","Florideophyceae","Ceramiales","Delesseriaceae","Apoglossum","Apoglossum ruscifolium","Apoglossum ruscifolium","macroalgae","Macroalgae","Macroalgae"," 144737","Species"
"Animalia","Arthropoda","Malacostraca","Amphipoda","Hyalidae","Apohyale","Apohyale perieri","Apohyale perieri","macrobenthos","Macrobenthos","Macrobenthos"," 236509","Species"
"Animalia","Annelida","Polychaeta",NA,"Arenicolidae","Arenicola","Arenicola marina","Arenicola marina","benthos","Macrobenthos","Macrobenthos"," 129868","Species"
"Animalia","Mollusca","Gastropoda","Stylommatophora","Arionidae","Arion","Arion","Arion",NA,NA,NA," 818149","Genus"
"Animalia","Mollusca","Gastropoda","Stylommatophora","Arionidae","Arion","Arion hortensis","Arion hortensis",NA,NA,NA," 819962","Species"
"Animalia","Chordata","Ascidiacea","Phlebobranchia","Ascidiidae","Ascidia","Ascidia ahodori","Ascidia ahodori","macrobenthos","Macrobenthos","Macrobenthos"," 249965","Species"
"Animalia","Chordata","Ascidiacea","Phlebobranchia","Ascidiidae","Ascidiella","Ascidiella scabra","Ascidiella scabra","macrobenthos","Macrobenthos","Macrobenthos"," 103719","Species"
"Chromista","Ochrophyta","Phaeophyceae","Fucales","Fucaceae","Ascophyllum","Ascophyllum nodosum","Ascophyllum nodosum","macroalgae","Macroalgae","Macroalgae"," 145541","Species"
"Plantae","Rhodophyta","Florideophyceae","Bonnemaisoniales","Bonnemaisoniaceae","Asparagopsis","Asparagopsis armata","Asparagopsis armata","macroalgae","Macroalgae","Macroalgae"," 144438","Species"
"Animalia","Echinodermata","Asteroidea","Forcipulatida","Asteriidae","Asterias","Asterias rubens","Asterias rubens","benthos","Macrobenthos","Macrobenthos"," 123776","Species"
"Animalia","Echinodermata","Asteroidea","Valvatida","Asterinidae","Asterina","Asterina gibbosa","Asterina gibbosa","benthos","Macrobenthos","Macrobenthos"," 123987","Species"
"Animalia","Echinodermata","Asteroidea","Valvatida","Asterinidae","Asterina","Asterina phylactica","Asterina phylactica","benthos","Macrobenthos","Macrobenthos"," 123990","Species"
"Animalia","Echinodermata","Asteroidea","Paxillosida","Astropectinidae","Astropecten","Astropecten irregularis","Astropecten irregularis","benthos","Macrobenthos","Macrobenthos"," 123867","Species"
"Animalia","Arthropoda","Malacostraca","Isopoda","Bopyridae","Athelges","Athelges paguri","Athelges paguri","macrobenthos","Macrobenthos","Macrobenthos"," 118196","Species"
"Plantae","Rhodophyta","Florideophyceae","Acrochaetiales","Audouinellaceae","Audouinella","Audouinella hermannii","Audouinella hermannii","macroalgae","Macroalgae","Macroalgae"," 162880","Species"
"Animalia","Cnidaria","Scyphozoa","Semaeostomeae","Ulmaridae","Aurelia","Aurelia aurita","Aurelia aurita","zooplankton","Other","Plankton"," 135306","Species"
"Animalia","Cnidaria","Scyphozoa","Semaeostomeae","Ulmaridae","Aurelia","Aurelia solida","Aurelia solida","zooplankton","Other","Plankton"," 287214","Species"
"Chromista","Ochrophyta","Pelagophyceae","Pelagomonadales","Pelagomonadaceae","Aureococcus","Aureococcus anophagefferens","Aureococcus anophagefferens","algae","Other","Plankton"," 375699","Species"
"Animalia","Arthropoda","Thecostraca","Balanomorpha","Elminiidae","Austrominius","Austrominius modestus","Austrominius modestus","benthos","Macrobenthos","Macrobenthos"," 712167","Species"
"Animalia","Arthropoda","Hexapoda","Ephemeroptera","Baetidae","Baetis","Baetis rhodani","Baetis rhodani",NA,NA,NA,"1714220","Species"
"Animalia","Arthropoda","Thecostraca","Balanomorpha","Balanidae","Balanus","Balanus","Balanus","benthos","Macrobenthos","Macrobenthos"," 106122","Genus"
"Animalia","Arthropoda","Thecostraca","Balanomorpha","Balanidae","Balanus","Balanus balanus","Balanus balanus","benthos","Macrobenthos","Macrobenthos"," 106213","Species"
"Animalia","Annelida","Clitellata","Tubificida","Naididae","Baltidrilus","Baltidrilus costatus","Baltidrilus costatus","macrobenthos","Macrobenthos","Macrobenthos"," 743898","Species"
"Plantae","Rhodophyta","Bangiophyceae","Bangiales","Bangiaceae","Bangia","Bangia fuscopurpurea","Bangia fuscopurpurea","macroalgae","Macroalgae","Macroalgae"," 157261","Species"
"Plantae","Rhodophyta","Florideophyceae","Batrachospermales","Batrachospermaceae","Batrachospermum","Batrachospermum gelatinosum","Batrachospermum gelatinosum","algae","Other","Plankton"," 503081","Species"
"Animalia","Mollusca","Gastropoda","Pleurobranchida","Pleurobranchidae","Berthella","Berthella plumula","Berthella plumula","benthos","Macrobenthos","Macrobenthos"," 140812","Species"
"Animalia","Bryozoa","Gymnolaemata","Cheilostomatida","Bugulidae","Bicellariella","Bicellariella ciliata","Bicellariella ciliata","macrobenthos","Macrobenthos","Macrobenthos"," 111147","Species"
"Chromista","Ochrophyta","Phaeophyceae","Fucales","Sargassaceae","Bifurcaria","Bifurcaria bifurcata","Bifurcaria bifurcata","macroalgae","Macroalgae","Macroalgae"," 145503","Species"
"Animalia","Annelida","Polychaeta","Spionida","Spionidae","Boccardia","Boccardia polybranchia","Boccardia polybranchia","macrobenthos","Macrobenthos","Macrobenthos"," 131111","Species"
"Animalia","Annelida","Polychaeta","Spionida","Spionidae","Boccardia","Boccardia proboscidea","Boccardia proboscidea","benthos","Macrobenthos","Macrobenthos"," 327249","Species"
"Plantae","Rhodophyta","Florideophyceae","Bonnemaisoniales","Bonnemaisoniaceae","Bonnemaisonia","Bonnemaisonia asparagoides","Bonnemaisonia asparagoides","macroalgae","Macroalgae","Macroalgae"," 144440","Species"
"Plantae","Rhodophyta","Florideophyceae","Bonnemaisoniales","Bonnemaisoniaceae","Bonnemaisonia","Bonnemaisonia hamifera","Bonnemaisonia hamifera","macroalgae","Macroalgae","Macroalgae"," 144442","Species"
"Plantae","Rhodophyta","Bangiophyceae","Bangiales","Bangiaceae","Boreophyllum","Boreophyllum","Boreophyllum","algae","Other","Plankton"," 593555","Genus"
"Plantae","Rhodophyta","Bangiophyceae","Bangiales","Bangiaceae","Boreophyllum","Boreophyllum birdiae","Boreophyllum birdiae","algae","Other","Plankton"," 626025","Species"
"Animalia","Chordata","Ascidiacea","Stolidobranchia","Styelidae","Botrylloides","Botrylloides leachii","Botrylloides leachii","macrobenthos","Macrobenthos","Macrobenthos"," 250081","Species"
"Animalia","Chordata","Ascidiacea","Stolidobranchia","Styelidae","Botrylloides","Botrylloides violaceus","Botrylloides violaceus","macrobenthos","Macrobenthos","Macrobenthos"," 148715","Species"
"Animalia","Chordata","Ascidiacea","Stolidobranchia","Styelidae","Botryllus","Botryllus schlosseri","Botryllus schlosseri","macrobenthos","Macrobenthos","Macrobenthos"," 103862","Species"
"Animalia","Cnidaria","Hydrozoa","Anthoathecata","Bougainvilliidae","Bougainvillia","Bougainvillia muscus","Bougainvillia muscus",NA,NA,NA," 117328","Species"
"Animalia","Bryozoa","Gymnolaemata","Cheilostomatida","Bugulidae","Bugulina","Bugulina fulva","Bugulina fulva","macrobenthos","Macrobenthos","Macrobenthos"," 834010","Species"
"Animalia","Arthropoda","Copepoda","Calanoida","Calanidae","Calanus","Calanus","Calanus","macroplankton","Other","Plankton"," 104152","Genus"
"Plantae","Rhodophyta","Florideophyceae","Gigartinales","Cystocloniaceae","Calliblepharis","Calliblepharis jubata","Calliblepharis jubata","macroalgae","Macroalgae","Macroalgae"," 145614","Species"
"Animalia","Mollusca","Gastropoda","Trochida","Calliostomatidae","Calliostoma","Calliostoma zizyphinum","Calliostoma zizyphinum","benthos","Macrobenthos","Macrobenthos"," 141767","Species"
"Plantae","Rhodophyta","Florideophyceae","Ceramiales","Callithamniaceae","Callithamnion","Callithamnion tetragonum","Callithamnion tetragonum","macroalgae","Macroalgae","Macroalgae"," 144529","Species"
"Plantae","Rhodophyta","Florideophyceae","Ceramiales","Callithamniaceae","Callithamnion","Callithamnion tetricum","Callithamnion tetricum","macroalgae","Macroalgae","Macroalgae"," 144530","Species"
"Animalia","Bryozoa","Gymnolaemata","Cheilostomatida","Calloporidae","Callopora","Callopora lineata","Callopora lineata","macrobenthos","Macrobenthos","Macrobenthos"," 111197","Species"
"Animalia","Cnidaria","Staurozoa","Stauromedusae","Kishinouyeidae","Calvadosia","Calvadosia campanulata","Calvadosia campanulata","macrobenthos","Macrobenthos","Macrobenthos"," 886183","Species"
"Animalia","Cnidaria","Staurozoa","Stauromedusae","Kishinouyeidae","Calvadosia","Calvadosia cruxmelitensis","Calvadosia cruxmelitensis","macrobenthos","Macrobenthos","Macrobenthos"," 886195","Species"
"Animalia","Arthropoda","Hexapoda","Diptera","Canacidae","Canace","Canace nasica","Canace nasica",NA,NA,NA," 151117","Species"
"Animalia","Arthropoda","Malacostraca","Decapoda","Cancridae","Cancer","Cancer pagurus","Cancer pagurus","megabenthos","Macrobenthos","Macrobenthos"," 107276","Species"
"Animalia","Cnidaria","Hydrozoa","Anthoathecata","Candelabridae","Candelabrum","Candelabrum cocksii","Candelabrum cocksii",NA,NA,NA," 117417","Species"
"Animalia","Arthropoda","Copepoda","Canuelloida","Canuellidae","Canuella","Canuella perplexa","Canuella perplexa","meiobenthos","Macrobenthos","Macrobenthos"," 115723","Species"
"Animalia","Mollusca","Gastropoda","Nudibranchia","Eubranchidae","Capellinia","Capellinia doriae","Capellinia doriae","benthos","Macrobenthos","Macrobenthos"," 729926","Species"
"Animalia","Arthropoda","Malacostraca","Amphipoda","Caprellidae","Caprella","Caprella acanthifera","Caprella acanthifera","macrobenthos","Macrobenthos","Macrobenthos"," 101822","Species"
"Animalia","Arthropoda","Malacostraca","Amphipoda","Caprellidae","Caprella","Caprella penantis","Caprella penantis","macrobenthos","Macrobenthos","Macrobenthos"," 101846","Species"
"Animalia","Arthropoda","Malacostraca","Decapoda","Carcinidae","Carcinus","Carcinus maenas","Carcinus maenas","macrobenthos","Macrobenthos","Macrobenthos"," 107381","Species"
"Plantae","Rhodophyta","Florideophyceae","Gigartinales","Caulacanthaceae","Catenella","Catenella caespitosa","Catenella caespitosa","macroalgae","Macroalgae","Macroalgae"," 145605","Species"
"Plantae","Rhodophyta","Florideophyceae","Gigartinales","Caulacanthaceae","Caulacanthus","Caulacanthus okamurae","Caulacanthus okamurae","macroalgae","Macroalgae","Macroalgae"," 496188","Species"
"Animalia","Bryozoa","Gymnolaemata","Cheilostomatida","Hippothoidae","Celleporella","Celleporella angusta","Celleporella angusta","macrobenthos","Macrobenthos","Macrobenthos"," 111395","Species"
"Animalia","Bryozoa","Gymnolaemata","Cheilostomatida","Hippothoidae","Celleporella","Celleporella hyalina","Celleporella hyalina","macrobenthos","Macrobenthos","Macrobenthos"," 111397","Species"
"Animalia","Arthropoda","Copepoda","Calanoida","Centropagidae","Centropages","Centropages hamatus","Centropages hamatus","mesoplankton","Other","Plankton"," 104496","Species"
"Animalia","Arthropoda","Copepoda","Calanoida","Centropagidae","Centropages","Centropages typicus","Centropages typicus","mesoplankton","Other","Plankton"," 104499","Species"
"Plantae","Rhodophyta","Florideophyceae","Ceramiales","Ceramiaceae","Ceramium","Ceramium ciliatum","Ceramium ciliatum","macroalgae","Macroalgae","Macroalgae"," 144537","Species"
"Plantae","Rhodophyta","Florideophyceae","Ceramiales","Ceramiaceae","Ceramium","Ceramium echionotum","Ceramium echionotum","macroalgae","Macroalgae","Macroalgae"," 144547","Species"
"Plantae","Rhodophyta","Florideophyceae","Ceramiales","Ceramiaceae","Ceramium","Ceramium pallidum","Ceramium pallidum","macroalgae","Macroalgae","Macroalgae"," 144555","Species"
"Plantae","Rhodophyta","Florideophyceae","Ceramiales","Ceramiaceae","Ceramium","Ceramium secundatum","Ceramium secundatum","macroalgae","Macroalgae","Macroalgae"," 144562","Species"
"Plantae","Rhodophyta","Florideophyceae","Ceramiales","Ceramiaceae","Ceramium","Ceramium shuttleworthianum","Ceramium shuttleworthianum","macroalgae","Macroalgae","Macroalgae"," 144563","Species"
"Plantae","Rhodophyta","Florideophyceae","Ceramiales","Ceramiaceae","Ceramium","Ceramium virgatum","Ceramium virgatum","macroalgae","Macroalgae","Macroalgae"," 178915","Species"
"Animalia","Mollusca","Bivalvia","Cardiida","Cardiidae","Cerastoderma","Cerastoderma edule","Cerastoderma edule","benthos","Macrobenthos","Macrobenthos"," 138998","Species"
"Animalia","Mollusca","Gastropoda","Caenogastropoda incertae sedis","Cerithiopsidae","Cerithiopsis","Cerithiopsis tubercularis","Cerithiopsis tubercularis","benthos","Macrobenthos","Macrobenthos"," 139085","Species"
"Animalia","Cnidaria","Octocorallia","Malacalcyonacea","Cerveridae","Cervera","Cervera atlantica","Cervera atlantica","megabenthos","Macrobenthos","Macrobenthos"," 125422","Species"
"Animalia","Annelida","Polychaeta",NA,"Chaetopteridae","Chaetopterus","Chaetopterus variopedatus","Chaetopterus variopedatus","benthos","Macrobenthos","Macrobenthos"," 129914","Species"
"Plantae","Chlorophyta","Chloropicophyceae","Chloropicales","Chloropicaceae","Chloroparvula","Chloroparvula pacifica","Chloroparvula pacifica","algae","Other","Plankton","1361158","Species"
"Plantae","Chlorophyta",NA,NA,NA,"Chloropicon","Chloropicon roscoffensis","Chloropicon roscoffensis","algae","Other","Plankton","1361153","Species"
"Plantae","Rhodophyta","Florideophyceae","Gigartinales","Gigartinaceae","Chondracanthus","Chondracanthus acicularis","Chondracanthus acicularis","macroalgae","Macroalgae","Macroalgae"," 145623","Species"
"Plantae","Rhodophyta","Florideophyceae","Gigartinales","Gigartinaceae","Chondrus","Chondrus crispus","Chondrus crispus","macroalgae","Macroalgae","Macroalgae"," 145625","Species"
"Chromista","Ochrophyta","Phaeophyceae","Chordales","Chordaceae","Chorda","Chorda filum","Chorda filum","macroalgae","Macroalgae","Macroalgae"," 145722","Species"
"Chromista","Ochrophyta","Phaeophyceae","Ectocarpales","Chordariaceae","Chordaria","Chordaria flagelliformis","Chordaria flagelliformis","macroalgae","Macroalgae","Macroalgae"," 144910","Species"
"Animalia","Cnidaria","Scyphozoa","Semaeostomeae","Pelagiidae","Chrysaora","Chrysaora hysoscella","Chrysaora hysoscella","zooplankton","Other","Plankton"," 135304","Species"
"Animalia","Arthropoda","Thecostraca","Balanomorpha","Chthamalidae","Chthamalus","Chthamalus montagui","Chthamalus montagui","benthos","Macrobenthos","Macrobenthos"," 106230","Species"
"Animalia","Arthropoda","Thecostraca","Balanomorpha","Chthamalidae","Chthamalus","Chthamalus stellatus","Chthamalus stellatus","benthos","Macrobenthos","Macrobenthos"," 106231","Species"
"Plantae","Rhodophyta","Florideophyceae","Rhodymeniales","Champiaceae","Chylocladia","Chylocladia verticillata","Chylocladia verticillata","macroalgae","Macroalgae","Macroalgae"," 145808","Species"
"Animalia","Annelida","Polychaeta","Terebellida","Cirratulidae","Cirratulus","Cirratulus cirratus","Cirratulus cirratus","benthos","Macrobenthos","Macrobenthos"," 129959","Species"
"Animalia","Annelida","Polychaeta","Terebellida","Cirratulidae","Cirriformia","Cirriformia tentaculata","Cirriformia tentaculata","benthos","Macrobenthos","Macrobenthos"," 129964","Species"
"Animalia","Cnidaria","Hydrozoa","Anthoathecata","Cladonematidae","Cladonema","Cladonema pacificum","Cladonema pacificum",NA,NA,NA," 284446","Species"
"Chromista","Ochrophyta","Phaeophyceae","Sphacelariales","Cladostephaceae","Cladostephus","Cladostephus spongiosus","Cladostephus spongiosus","macroalgae","Macroalgae","Macroalgae"," 145888","Species"
"Animalia","Cnidaria","Hydrozoa","Anthoathecata","Hydractiniidae","Clava","Clava multicornis","Clava multicornis",NA,NA,NA," 117426","Species"
"Animalia","Porifera","Demospongiae","Clionaida","Clionaidae","Cliona","Cliona","Cliona","macrobenthos","Macrobenthos","Macrobenthos"," 132026","Genus"
"Animalia","Arthropoda","Thecostraca",NA,"Clistosaccidae","Clistosaccus","Clistosaccus paguri","Clistosaccus paguri","macrobenthos","Macrobenthos","Macrobenthos"," 134786","Species"
"Animalia","Cnidaria","Hydrozoa","Leptothecata","Campanulariidae","Clytia","Clytia hemisphaerica","Clytia hemisphaerica",NA,NA,NA," 117368","Species"
"Animalia","Cnidaria","Hydrozoa","Leptothecata","Campanulariidae","Clytia","Clytia paulensis","Clytia paulensis",NA,NA,NA," 117373","Species"
"Chromista","Ochrophyta","Phaeophyceae","Ectocarpales","Chordariaceae","Coilodesme","Coilodesme japonica","Coilodesme japonica","macroalgae","Macroalgae","Macroalgae"," 371957","Species"
"Plantae","Rhodophyta","Florideophyceae","Colaconematales","Colaconemataceae","Colaconema","Colaconema daviesii","Colaconema daviesii","macroalgae","Macroalgae","Macroalgae"," 164103","Species"
"Chromista","Ochrophyta","Phaeophyceae","Ectocarpales","Scytosiphonaceae","Colpomenia","Colpomenia peregrina","Colpomenia peregrina","macroalgae","Macroalgae","Macroalgae"," 145856","Species"
"Plantae","Rhodophyta","Florideophyceae","Corallinales","Corallinaceae","Corallina","Corallina","Corallina","macroalgae","Macroalgae","Macroalgae"," 144007","Genus"
"Plantae","Rhodophyta","Florideophyceae","Corallinales","Corallinaceae","Corallina","Corallina officinalis","Corallina officinalis","macroalgae","Macroalgae","Macroalgae"," 145108","Species"
"Animalia","Arthropoda","Malacostraca","Amphipoda","Corophiidae","Corophium","Corophium volutator","Corophium volutator","macrobenthos","Macrobenthos","Macrobenthos"," 102101","Species"
"Animalia","Cnidaria","Hydrozoa","Anthoathecata","Corymorphidae","Corymorpha","Corymorpha nutans","Corymorpha nutans",NA,NA,NA," 117452","Species"
"Animalia","Cnidaria","Hexacorallia","Corallimorpharia","Corallimorphidae","Corynactis","Corynactis californica","Corynactis californica","macrobenthos","Macrobenthos","Macrobenthos"," 283836","Species"
"Animalia","Cnidaria","Hydrozoa","Anthoathecata","Corynidae","Coryne","Coryne pusilla","Coryne pusilla",NA,NA,NA," 117471","Species"
"Animalia","Cnidaria","Staurozoa","Stauromedusae","Craterolophidae","Craterolophus","Craterolophus convolvulus","Craterolophus convolvulus","macrobenthos","Macrobenthos","Macrobenthos"," 135312","Species"
"Animalia","Bryozoa","Stenolaemata","Cyclostomatida","Crisiidae","Crisia","Crisia eburnea","Crisia eburnea","macrobenthos","Macrobenthos","Macrobenthos"," 111696","Species"
"Animalia","Bryozoa","Gymnolaemata","Cheilostomatida","Bugulidae","Crisularia","Crisularia plumosa","Crisularia plumosa","macrobenthos","Macrobenthos","Macrobenthos"," 834039","Species"
"Animalia","Platyhelminthes","Trematoda","Plagiorchiida","Opisthorchiidae","Cryptocotyle","Cryptocotyle lingua","Cryptocotyle lingua",NA,NA,NA," 109051","Species"
"Plantae","Rhodophyta","Florideophyceae","Ceramiales","Delesseriaceae","Cryptopleura","Cryptopleura ramosa","Cryptopleura ramosa","macroalgae","Macroalgae","Macroalgae"," 144743","Species"
"Animalia","Arthropoda","Ostracoda","Podocopida","Cyprididae","Cypridopsis","Cypridopsis vidua","Cypridopsis vidua","benthos","Macrobenthos","Macrobenthos"," 160026","Species"
"Plantae","Rhodophyta","Florideophyceae","Gigartinales","Cystocloniaceae","Cystoclonium","Cystoclonium purpureum","Cystoclonium purpureum","macroalgae","Macroalgae","Macroalgae"," 145615","Species"
"Plantae","Rhodophyta","Florideophyceae","Ceramiales","Delesseriaceae","Dasysiphonia","Dasysiphonia japonica","Dasysiphonia japonica","algae","Other","Plankton"," 836896","Species"
"Plantae","Rhodophyta","Florideophyceae","Ceramiales","Delesseriaceae","Delesseria","Delesseria sanguinea","Delesseria sanguinea","macroalgae","Macroalgae","Macroalgae"," 144744","Species"
"Animalia","Chordata","Ascidiacea","Stolidobranchia","Styelidae","Dendrodoa","Dendrodoa grossularia","Dendrodoa grossularia","macrobenthos","Macrobenthos","Macrobenthos"," 103882","Species"
"Animalia","Cnidaria","Staurozoa","Stauromedusae","Haliclystidae","Depastromorpha","Depastromorpha africana","Depastromorpha africana","macrobenthos","Macrobenthos","Macrobenthos"," 289801","Species"
"Animalia","Mollusca","Gastropoda","Stylommatophora","Agriolimacidae","Deroceras","Deroceras invadens","Deroceras invadens",NA,NA,NA," 988052","Species"
"Animalia","Arthropoda","Malacostraca","Amphipoda","Dexaminidae","Dexamine","Dexamine spinosa","Dexamine spinosa","macrobenthos","Macrobenthos","Macrobenthos"," 102135","Species"
"Animalia","Arthropoda","Malacostraca","Amphipoda","Dexaminidae","Dexamine","Dexamine thea","Dexamine thea","macrobenthos","Macrobenthos","Macrobenthos"," 102136","Species"
"Chromista","Ochrophyta","Phaeophyceae","Ectocarpales","Chordariaceae","Dictyosiphon","Dictyosiphon ekmanii","Dictyosiphon ekmanii","macroalgae","Macroalgae","Macroalgae"," 145321","Species"
"Chromista","Ochrophyta","Phaeophyceae","Ectocarpales","Chordariaceae","Dictyosiphon","Dictyosiphon foeniculaceus","Dictyosiphon foeniculaceus","macroalgae","Macroalgae","Macroalgae"," 145322","Species"
"Chromista","Ochrophyta","Phaeophyceae","Dictyotales","Dictyotaceae","Dictyota","Dictyota dichotoma","Dictyota dichotoma","macroalgae","Macroalgae","Macroalgae"," 145367","Species"
"Plantae","Rhodophyta","Florideophyceae","Gigartinales","Dumontiaceae","Dilsea","Dilsea carnosa","Dilsea carnosa","macroalgae","Macroalgae","Macroalgae"," 145222","Species"
"Animalia","Annelida","Polychaeta",NA,"Dinophilidae","Dinophilus","Dinophilus taeniatus","Dinophilus taeniatus","benthos","Macrobenthos","Macrobenthos"," 130001","Species"
"Animalia","Annelida","Polychaeta",NA,"Dinophilidae","Dinophilus","Dinophilus vorticoides","Dinophilus vorticoides","benthos","Macrobenthos","Macrobenthos"," 130002","Species"
"Animalia","Chordata","Ascidiacea","Aplousobranchia","Didemnidae","Diplosoma","Diplosoma listerianum","Diplosoma listerianum","macrobenthos","Macrobenthos","Macrobenthos"," 103579","Species"
"Animalia","Arthropoda","Copepoda","Cyclopoida","Corycaeidae","Ditrichocorycaeus","Ditrichocorycaeus anglicus","Ditrichocorycaeus anglicus","mesoplankton","Other","Plankton"," 128805","Species"
"Animalia","Annelida","Polychaeta","Terebellida","Cirratulidae","Dodecaceria","Dodecaceria ater","Dodecaceria ater","benthos","Macrobenthos","Macrobenthos"," 129965","Species"
"Animalia","Annelida","Polychaeta","Terebellida","Cirratulidae","Dodecaceria","Dodecaceria concharum","Dodecaceria concharum","benthos","Macrobenthos","Macrobenthos"," 129967","Species"
"Animalia","Mollusca","Bivalvia","Cardiida","Donacidae","Donax","Donax vittatus","Donax vittatus","benthos","Macrobenthos","Macrobenthos"," 139604","Species"
"Animalia","Mollusca","Gastropoda","Nudibranchia","Dotidae","Doto","Doto koenneckeri","Doto koenneckeri","benthos","Macrobenthos","Macrobenthos"," 139644","Species"
"Plantae","Rhodophyta","Florideophyceae","Gigartinales","Dumontiaceae","Dumontia","Dumontia contorta","Dumontia contorta","macroalgae","Macroalgae","Macroalgae"," 145228","Species"
"Animalia","Cnidaria","Hydrozoa","Leptothecata","Sertulariidae","Dynamena","Dynamena pumila","Dynamena pumila",NA,NA,NA," 117888","Species"
"Animalia","Arthropoda","Malacostraca","Isopoda","Sphaeromatidae","Dynamene","Dynamene bidentata","Dynamene bidentata","macrobenthos","Macrobenthos","Macrobenthos"," 256988","Species"
"Animalia","Echinodermata","Echinoidea","Spatangoida","Loveniidae","Echinocardium","Echinocardium cordatum","Echinocardium cordatum","endobenthos","Macrobenthos","Endobenthos"," 124392","Species"
"Animalia","Echinodermata","Echinoidea","Echinolampadacea","Fibulariidae","Echinocyamus","Echinocyamus pusillus","Echinocyamus pusillus","macrobenthos","Macrobenthos","Macrobenthos"," 124273","Species"
"Chromista","Ochrophyta","Phaeophyceae","Ectocarpales","Ectocarpaceae","Ectocarpus","Ectocarpus crouaniorum","Ectocarpus crouaniorum","macroalgae","Macroalgae","Macroalgae"," 496828","Species"
"Chromista","Ochrophyta","Phaeophyceae","Ectocarpales","Ectocarpaceae","Ectocarpus","Ectocarpus fasciculatus","Ectocarpus fasciculatus","macroalgae","Macroalgae","Macroalgae"," 145404","Species"
"Chromista","Ochrophyta","Phaeophyceae","Ectocarpales","Ectocarpaceae","Ectocarpus","Ectocarpus siliculosus","Ectocarpus siliculosus","macroalgae","Macroalgae","Macroalgae"," 145410","Species"
"Animalia","Cnidaria","Hydrozoa","Anthoathecata","Tubulariidae","Ectopleura","Ectopleura dumortierii","Ectopleura dumortierii",NA,NA,NA," 117982","Species"
"Animalia","Arthropoda","Malacostraca","Amphipoda","Maeridae","Elasmopus","Elasmopus rapax","Elasmopus rapax","macrobenthos","Macrobenthos","Macrobenthos"," 102805","Species"
"Animalia","Bryozoa","Gymnolaemata","Cheilostomatida","Electridae","Electra","Electra pilosa","Electra pilosa","macrobenthos","Macrobenthos","Macrobenthos","1789435","Species"
"Animalia","Mollusca","Gastropoda",NA,"Plakobranchidae","Elysia","Elysia viridis","Elysia viridis","benthos","Macrobenthos","Macrobenthos"," 139686","Species"
"Animalia","Mollusca","Gastropoda","Nudibranchia","Embletoniidae","Embletonia","Embletonia pulchra","Embletonia pulchra","benthos","Macrobenthos","Macrobenthos"," 141638","Species"
"Animalia","Annelida","Clitellata","Enchytraeida","Enchytraeidae","Enchytraeus","Enchytraeus albellus","Enchytraeus albellus","benthos","Macrobenthos","Macrobenthos","1339998","Species"
"Animalia","Arthropoda","Copepoda","Harpacticoida","Cletodidae","Enhydrosoma","Enhydrosoma propinquum","Enhydrosoma propinquum","meiobenthos","Macrobenthos","Macrobenthos"," 115787","Species"
"Animalia","Arthropoda","Hexapoda","Diptera","Syrphidae","Eristalinus","Eristalinus aeneus","Eristalinus aeneus",NA,NA,NA," 151119","Species"
"Plantae","Rhodophyta","Florideophyceae","Gigartinales","Phyllophoraceae","Erythrodermis","Erythrodermis traillii","Erythrodermis traillii","macroalgae","Macroalgae","Macroalgae"," 145655","Species"
"Animalia","Bryozoa","Gymnolaemata","Cheilostomatida","Escharellidae","Escharella","Escharella immersa","Escharella immersa","macrobenthos","Macrobenthos","Macrobenthos"," 111484","Species"
"Chromista","Ochrophyta","Phaeophyceae","Ectocarpales","Chordariaceae","Eudesme","Eudesme borealis","Eudesme borealis","macroalgae","Macroalgae","Macroalgae","1535277","Species"
"Chromista","Ochrophyta","Phaeophyceae","Ectocarpales","Chordariaceae","Eudesme","Eudesme virescens","Eudesme virescens","macroalgae","Macroalgae","Macroalgae"," 144918","Species"
"Animalia","Annelida","Polychaeta","Phyllodocida","Phyllodocidae","Eulalia","Eulalia clavigera","Eulalia clavigera","benthos","Macrobenthos","Macrobenthos"," 155375","Species"
"Animalia","Annelida","Polychaeta","Phyllodocida","Phyllodocidae","Eulalia","Eulalia ornata","Eulalia ornata","macrobenthos","Macrobenthos","Macrobenthos"," 130632","Species"
"Animalia","Annelida","Polychaeta","Phyllodocida","Phyllodocidae","Eulalia","Eulalia viridis","Eulalia viridis","macrobenthos","Macrobenthos","Macrobenthos"," 130639","Species"
"Animalia","Annelida","Polychaeta","Phyllodocida","Phyllodocidae","Eumida","Eumida maia","Eumida maia","benthos","Macrobenthos","Macrobenthos"," 564486","Species"
"Animalia","Annelida","Polychaeta","Terebellida","Terebellidae","Eupolymnia","Eupolymnia","Eupolymnia","benthos","Macrobenthos","Macrobenthos"," 129693","Genus"
"Animalia","Arthropoda","Malacostraca","Decapoda","Majidae","Eurynome","Eurynome spinosa","Eurynome spinosa","macrobenthos","Macrobenthos","Macrobenthos"," 107319","Species"
"Animalia","Annelida","Polychaeta","Phyllodocida","Syllidae","Eusyllis","Eusyllis blomstrandi","Eusyllis blomstrandi","macrobenthos","Macrobenthos","Macrobenthos"," 131290","Species"
"Animalia","Arthropoda","Copepoda","Harpacticoida","Tachidiidae","Euterpina","Euterpina acutifrons","Euterpina acutifrons","zooplankton","Other","Plankton"," 116162","Species"
"Animalia","Cnidaria","Hydrozoa","Leptothecata","Eirenidae","Eutonina","Eutonina indicans","Eutonina indicans",NA,NA,NA," 117517","Species"
"Animalia","Arthropoda","Branchiopoda","Onychopoda","Podonidae","Evadne","Evadne nordmanni","Evadne nordmanni","mesoplankton","Other","Plankton"," 106273","Species"
"Animalia","Mollusca","Gastropoda","Nudibranchia","Facelinidae","Facelina","Facelina auriculata","Facelina auriculata","benthos","Macrobenthos","Macrobenthos"," 153375","Species"
"Animalia","Mollusca","Gastropoda","Nudibranchia","Facelinidae","Facelina","Facelina bostoniensis","Facelina bostoniensis","benthos","Macrobenthos","Macrobenthos"," 139908","Species"
"Animalia","Mollusca","Gastropoda","Nudibranchia","Facelinidae","Favorinus","Favorinus branchialis","Favorinus branchialis","benthos","Macrobenthos","Macrobenthos"," 139940","Species"
"Chromista","Ochrophyta","Phaeophyceae","Ectocarpales","Acinetosporaceae","Feldmannia","Feldmannia mitchelliae","Feldmannia mitchelliae","macroalgae","Macroalgae","Macroalgae"," 699648","Species"
"Animalia","Arthropoda","Copepoda","Harpacticoida","Ameiridae","Filexilia","Filexilia brevipes","Filexilia brevipes","meiobenthos","Macrobenthos","Macrobenthos"," 115541","Species"
"Animalia","Bryozoa","Gymnolaemata","Cheilostomatida","Flustridae","Flustra","Flustra foliacea","Flustra foliacea","macrobenthos","Macrobenthos","Macrobenthos"," 111367","Species"
"Animalia","Bryozoa","Gymnolaemata","Ctenostomatida","Flustrellidridae","Flustrellidra","Flustrellidra hispida","Flustrellidra hispida","macrobenthos","Macrobenthos","Macrobenthos"," 111621","Species"
"Chromista","Ochrophyta","Phaeophyceae","Fucales","Fucaceae","Fucus","Fucus","Fucus","macroalgae","Macroalgae","Macroalgae"," 144129","Genus"
"Chromista","Ochrophyta","Phaeophyceae","Fucales","Fucaceae","Fucus","Fucus serratus","Fucus serratus","macroalgae","Macroalgae","Macroalgae"," 145546","Species"
"Animalia","Arthropoda","Malacostraca","Decapoda","Galatheidae","Galathea","Galathea intermedia","Galathea intermedia","macrobenthos","Macrobenthos","Macrobenthos"," 107150","Species"
"Animalia","Arthropoda","Malacostraca","Amphipoda","Nuuanuidae","Gammarella","Gammarella fucicola","Gammarella fucicola","macrobenthos","Macrobenthos","Macrobenthos"," 102811","Species"
"Animalia","Arthropoda","Malacostraca","Amphipoda","Gammarellidae","Gammarellus","Gammarellus angulosus","Gammarellus angulosus","macrobenthos","Macrobenthos","Macrobenthos"," 102251","Species"
"Animalia","Arthropoda","Malacostraca","Amphipoda","Gammaridae","Gammarus","Gammarus locusta","Gammarus locusta","macrobenthos","Macrobenthos","Macrobenthos"," 102281","Species"
"Animalia","Arthropoda","Malacostraca","Amphipoda","Gammaridae","Gammarus","Gammarus pulex","Gammarus pulex","macrobenthos","Macrobenthos","Macrobenthos"," 234074","Species"
"Plantae","Rhodophyta","Florideophyceae","Rhodymeniales","Champiaceae","Gastroclonium","Gastroclonium ovatum","Gastroclonium ovatum","macroalgae","Macroalgae","Macroalgae"," 145810","Species"
"Plantae","Rhodophyta","Florideophyceae","Rhodymeniales","Champiaceae","Gastroclonium","Gastroclonium reflexum","Gastroclonium reflexum","macroalgae","Macroalgae","Macroalgae"," 145811","Species"
"Plantae","Rhodophyta","Florideophyceae","Gelidiales","Gelidiaceae","Gelidium","Gelidium pulchellum","Gelidium pulchellum","macroalgae","Macroalgae","Macroalgae"," 145588","Species"
"Plantae","Rhodophyta","Florideophyceae","Gelidiales","Gelidiaceae","Gelidium","Gelidium pusillum","Gelidium pusillum","macroalgae","Macroalgae","Macroalgae"," 145590","Species"
"Animalia","Porifera","Demospongiae","Haplosclerida","Niphatidae","Gelliodes","Gelliodes wilsoni","Gelliodes wilsoni","macrobenthos","Macrobenthos","Macrobenthos"," 820772","Species"
"Animalia","Mollusca","Gastropoda","Trochida","Trochidae","Gibbula","Gibbula magus","Gibbula magus","benthos","Macrobenthos","Macrobenthos"," 141790","Species"
"Animalia","Hemichordata","Enteropneusta","Enteropneusta incertae sedis","Ptychoderidae","Glossobalanus","Glossobalanus marginatus","Glossobalanus marginatus","benthos","Macrobenthos","Macrobenthos"," 137607","Species"
"Animalia","Annelida","Polychaeta","Phyllodocida","Glyceridae","Glycera","Glycera","Glycera","benthos","Macrobenthos","Macrobenthos"," 129296","Genus"
"Animalia","Annelida","Polychaeta","Phyllodocida","Glyceridae","Glycera","Glycera alba","Glycera alba","benthos","Macrobenthos","Macrobenthos"," 130116","Species"
"Animalia","Annelida","Polychaeta","Phyllodocida","Glyceridae","Glycera","Glycera tridactyla","Glycera tridactyla","benthos","Macrobenthos","Macrobenthos"," 130130","Species"
"Chromista","Ochrophyta","Phaeophyceae","Fucales","Sargassaceae","Gongolaria","Gongolaria baccata","Gongolaria baccata","algae","Other","Plankton","1659019","Species"
"Animalia","Cnidaria","Hydrozoa","Limnomedusae","Olindiidae","Gonionemus","Gonionemus vertens","Gonionemus vertens",NA,NA,NA," 117768","Species"
"Animalia","Cnidaria","Hydrozoa","Leptothecata","Campanulariidae","Gonothyraea","Gonothyraea loveni","Gonothyraea loveni",NA,NA,NA," 117377","Species"
"Plantae","Rhodophyta","Florideophyceae","Gracilariales","Gracilariaceae","Gracilariopsis","Gracilariopsis longissima","Gracilariopsis longissima","macroalgae","Macroalgae","Macroalgae"," 146960","Species"
"Plantae","Rhodophyta","Florideophyceae","Halymeniales","Grateloupiaceae","Grateloupia","Grateloupia filicina","Grateloupia filicina","macroalgae","Macroalgae","Macroalgae"," 145248","Species"
"Plantae","Rhodophyta","Florideophyceae","Halymeniales","Grateloupiaceae","Grateloupia","Grateloupia turuturu","Grateloupia turuturu","macroalgae","Macroalgae","Macroalgae"," 295880","Species"
"Plantae","Rhodophyta","Florideophyceae","Ceramiales","Wrangeliaceae","Griffithsia","Griffithsia corallinoides","Griffithsia corallinoides","macroalgae","Macroalgae","Macroalgae"," 144582","Species"
"Plantae","Rhodophyta","Florideophyceae","Gigartinales","Phyllophoraceae","Gymnogongrus","Gymnogongrus crenulatus","Gymnogongrus crenulatus","macroalgae","Macroalgae","Macroalgae"," 145656","Species"
"Plantae","Rhodophyta","Florideophyceae","Gigartinales","Phyllophoraceae","Gymnogongrus","Gymnogongrus griffithsiae","Gymnogongrus griffithsiae","macroalgae","Macroalgae","Macroalgae"," 145657","Species"
"Plantae","Rhodophyta","Florideophyceae","Gigartinales","Furcellariaceae","Halarachnion","Halarachnion ligulatum","Halarachnion ligulatum","macroalgae","Macroalgae","Macroalgae"," 145621","Species"
"Animalia","Cnidaria","Hydrozoa","Leptothecata","Haleciidae","Halecium","Halecium","Halecium",NA,NA,NA," 117103","Genus"
"Animalia","Cnidaria","Hydrozoa","Leptothecata","Haleciidae","Halecium","Halecium halecinum","Halecium halecinum",NA,NA,NA," 231751","Species"
"Animalia","Porifera","Demospongiae","Suberitida","Halichondriidae","Halichondria","Halichondria","Halichondria","macrobenthos","Macrobenthos","Macrobenthos"," 131807","Genus"
"Animalia","Cnidaria","Staurozoa","Stauromedusae","Haliclystidae","Haliclystus","Haliclystus auricula","Haliclystus auricula","macrobenthos","Macrobenthos","Macrobenthos"," 135322","Species"
"Animalia","Cnidaria","Staurozoa","Stauromedusae","Haliclystidae","Haliclystus","Haliclystus octoradiatus","Haliclystus octoradiatus","macrobenthos","Macrobenthos","Macrobenthos"," 135323","Species"
"Animalia","Cnidaria","Staurozoa","Stauromedusae","Haliclystidae","Haliclystus","Haliclystus tenuis","Haliclystus tenuis","macrobenthos","Macrobenthos","Macrobenthos"," 287231","Species"
"Chromista","Ochrophyta","Phaeophyceae","Fucales","Sargassaceae","Halidrys","Halidrys siliquosa","Halidrys siliquosa","macroalgae","Macroalgae","Macroalgae"," 145540","Species"
"Animalia","Arthropoda","Hexapoda","Diptera","Chironomidae","Halocladius","Halocladius variabilis","Halocladius variabilis",NA,NA,NA," 118152","Species"
"Animalia","Cnidaria","Hydrozoa","Leptothecata","Halopterididae","Halopteris","Halopteris diaphana","Halopteris diaphana",NA,NA,NA," 117632","Species"
"Animalia","Arthropoda","Copepoda","Harpacticoida","Miraciidae","Haloschizopera","Haloschizopera pygmaea","Haloschizopera pygmaea","meiobenthos","Macrobenthos","Macrobenthos"," 115950","Species"
"Animalia","Mollusca","Gastropoda","Nudibranchia","Hancockiidae","Hancockia","Hancockia uncinata","Hancockia uncinata","benthos","Macrobenthos","Macrobenthos"," 140081","Species"
"Animalia","Annelida","Polychaeta","Phyllodocida","Polynoidae","Harmothoe","Harmothoe imbricata","Harmothoe imbricata","macrobenthos","Macrobenthos","Macrobenthos"," 130769","Species"
"Animalia","Annelida","Polychaeta","Phyllodocida","Polynoidae","Harmothoe","Harmothoe impar","Harmothoe impar","macrobenthos","Macrobenthos","Macrobenthos"," 130770","Species"
"Animalia","Arthropoda","Copepoda","Harpacticoida","Harpacticidae","Harpacticus","Harpacticus flexus","Harpacticus flexus","meiobenthos","Macrobenthos","Macrobenthos"," 116168","Species"
"Chromista","Ochrophyta","Phaeophyceae","Ectocarpales","Chordariaceae","Hecatonema","Hecatonema","Hecatonema","macroalgae","Macroalgae","Macroalgae"," 144078","Genus"
"Animalia","Annelida","Polychaeta","Phyllodocida","Nereididae","Hediste","Hediste diversicolor","Hediste diversicolor","macrobenthos","Macrobenthos","Macrobenthos"," 152302","Species"
"Animalia","Echinodermata","Echinoidea","Camarodonta","Echinometridae","Heliocidaris","Heliocidaris crassispina","Heliocidaris crassispina","epibenthos","Macrobenthos","Epibenthos"," 513312","Species"
"Animalia","Echinodermata","Asteroidea","Spinulosida","Echinasteridae","Henricia","Henricia sanguinolenta","Henricia sanguinolenta","benthos","Macrobenthos","Macrobenthos"," 123974","Species"
"Animalia","Echinodermata","Asteroidea","Spinulosida","Echinasteridae","Henricia","Henricia tumida","Henricia tumida","benthos","Macrobenthos","Macrobenthos"," 369147","Species"
"Animalia","Mollusca","Bivalvia","Adapedonta","Hiatellidae","Hiatella","Hiatella arctica","Hiatella arctica","benthos","Macrobenthos","Macrobenthos"," 140103","Species"
"Plantae","Rhodophyta","Florideophyceae","Hildenbrandiales","Hildenbrandiaceae","Hildenbrandia","Hildenbrandia rubra","Hildenbrandia rubra","macroalgae","Macroalgae","Macroalgae"," 145712","Species"
"Chromista","Ochrophyta","Phaeophyceae","Fucales","Himanthaliaceae","Himanthalia","Himanthalia elongata","Himanthalia elongata","macroalgae","Macroalgae","Macroalgae"," 145551","Species"
"Animalia","Platyhelminthes","Trematoda","Plagiorchiida","Himasthlidae","Himasthla","Himasthla quissetensis","Himasthla quissetensis",NA,NA,NA," 736173","Species"
"Chromista","Ochrophyta","Phaeophyceae","Ectocarpales","Acinetosporaceae","Hincksia","Hincksia granulosa","Hincksia granulosa","macroalgae","Macroalgae","Macroalgae"," 145433","Species"
"Chromista","Ochrophyta","Phaeophyceae","Ectocarpales","Acinetosporaceae","Hincksia","Hincksia hincksiae","Hincksia hincksiae","macroalgae","Macroalgae","Macroalgae"," 145435","Species"
"Animalia","Arthropoda","Malacostraca","Decapoda","Hippolytidae","Hippolyte","Hippolyte varians","Hippolyte varians","macrobenthos","Macrobenthos","Macrobenthos"," 107518","Species"
"Animalia","Arthropoda","Malacostraca","Decapoda","Nephropidae","Homarus","Homarus gammarus","Homarus gammarus","megabenthos","Macrobenthos","Macrobenthos"," 107253","Species"
"Animalia","Arthropoda","Malacostraca","Decapoda","Oregoniidae","Hyas","Hyas araneus","Hyas araneus","macrobenthos","Macrobenthos","Macrobenthos"," 107322","Species"
"Animalia","Cnidaria","Hydrozoa","Anthoathecata","Hydridae","Hydra","Hydra oligactis","Hydra oligactis",NA,NA,NA," 290145","Species"
"Animalia","Porifera","Demospongiae","Suberitida","Halichondriidae","Hymeniacidon","Hymeniacidon","Hymeniacidon","macrobenthos","Macrobenthos","Macrobenthos"," 131808","Genus"
"Animalia","Porifera","Demospongiae","Suberitida","Halichondriidae","Hymeniacidon","Hymeniacidon perlevis","Hymeniacidon perlevis","megabenthos","Macrobenthos","Macrobenthos"," 132663","Species"
"Animalia","Arthropoda","Hexapoda",NA,"Hypogastruridae","Hypogastrura","Hypogastrura","Hypogastrura",NA,NA,NA," 118113","Genus"
"Plantae","Rhodophyta","Florideophyceae","Ceramiales","Delesseriaceae","Hypoglossum","Hypoglossum hypoglossoides","Hypoglossum hypoglossoides","macroalgae","Macroalgae","Macroalgae"," 144756","Species"
"Animalia","Arthropoda","Malacostraca","Isopoda","Idoteidae","Idotea","Idotea chelipes","Idotea chelipes","macrobenthos","Macrobenthos","Macrobenthos"," 119042","Species"
"Animalia","Arthropoda","Malacostraca","Isopoda","Idoteidae","Idotea","Idotea emarginata","Idotea emarginata","macrobenthos","Macrobenthos","Macrobenthos"," 119043","Species"
"Animalia","Arthropoda","Malacostraca","Amphipoda","Ischyroceridae","Ischyrocerus","Ischyrocerus","Ischyrocerus","benthos","Macrobenthos","Macrobenthos"," 101569","Genus"
"Animalia","Arthropoda","Malacostraca","Amphipoda","Ischyroceridae","Ischyrocerus","Ischyrocerus anguipes","Ischyrocerus anguipes","macrobenthos","Macrobenthos","Macrobenthos"," 102412","Species"
"Animalia","Arthropoda","Copepoda","Calanoida","Centropagidae","Isias","Isias clavipes","Isias clavipes","mesoplankton","Other","Plankton"," 104501","Species"
"Animalia","Porifera","Demospongiae","Poecilosclerida","Isodictyidae","Isodictya","Isodictya elastica","Isodictya elastica","macrobenthos","Macrobenthos","Macrobenthos"," 168455","Species"
"Plantae","Rhodophyta","Florideophyceae","Corallinales","Corallinaceae","Jania","Jania rubens","Jania rubens","macroalgae","Macroalgae","Macroalgae"," 145130","Species"
"Animalia","Arthropoda","Malacostraca","Isopoda","Janiridae","Janira","Janira maculosa","Janira maculosa","macrobenthos","Macrobenthos","Macrobenthos"," 118732","Species"
"Animalia","Arthropoda","Malacostraca","Amphipoda","Ischyroceridae","Jassa","Jassa falcata","Jassa falcata","macrobenthos","Macrobenthos","Macrobenthos"," 102431","Species"
"Animalia","Arthropoda","Malacostraca","Amphipoda","Ischyroceridae","Jassa","Jassa pusilla","Jassa pusilla","macrobenthos","Macrobenthos","Macrobenthos"," 102437","Species"
"Animalia","Mollusca","Gastropoda","Nudibranchia","Discodorididae","Jorunna","Jorunna tomentosa","Jorunna tomentosa","benthos","Macrobenthos","Macrobenthos"," 140166","Species"
"Plantae","Rhodophyta","Florideophyceae","Gigartinales","Kallymeniaceae","Kallymenia","Kallymenia","Kallymenia","macroalgae","Macroalgae","Macroalgae"," 144048","Genus"
"Animalia","Cnidaria","Hydrozoa","Leptothecata","Kirchenpaueriidae","Kirchenpaueria","Kirchenpaueria pinnata","Kirchenpaueria pinnata",NA,NA,NA," 117674","Species"
"Animalia","Mollusca","Gastropoda","Littorinimorpha","Littorinidae","Lacuna","Lacuna pallidula","Lacuna pallidula","benthos","Macrobenthos","Macrobenthos"," 140168","Species"
"Animalia","Mollusca","Gastropoda","Littorinimorpha","Littorinidae","Lacuna","Lacuna vincta","Lacuna vincta","benthos","Macrobenthos","Macrobenthos"," 140170","Species"
"Animalia","Mollusca","Bivalvia","Cardiida","Cardiidae","Laevicardium","Laevicardium crassum","Laevicardium crassum","benthos","Macrobenthos","Macrobenthos"," 139004","Species"
"Chromista","Ochrophyta","Phaeophyceae","Laminariales","Laminariaceae","Laminaria","Laminaria","Laminaria","macroalgae","Macroalgae","Macroalgae"," 144199","Genus"
"Chromista","Ochrophyta","Phaeophyceae","Laminariales","Laminariaceae","Laminaria","Laminaria hyperborea","Laminaria hyperborea","macroalgae","Macroalgae","Macroalgae"," 145725","Species"
"Chromista","Ochrophyta","Phaeophyceae","Ectocarpales","Chordariaceae","Laminariocolax","Laminariocolax aecidioides","Laminariocolax aecidioides","macroalgae","Macroalgae","Macroalgae"," 162814","Species"
"Chromista","Ochrophyta","Phaeophyceae","Ectocarpales","Chordariaceae","Laminariocolax","Laminariocolax tomentosoides","Laminariocolax tomentosoides","macroalgae","Macroalgae","Macroalgae"," 145446","Species"
"Chromista","Ochrophyta","Phaeophyceae","Ectocarpales","Chordariaceae","Laminarionema","Laminarionema elsbetiae","Laminarionema elsbetiae","macroalgae","Macroalgae","Macroalgae"," 371106","Species"
"Animalia","Annelida","Polychaeta","Terebellida","Terebellidae","Lanice","Lanice conchilega","Lanice conchilega","megabenthos","Macrobenthos","Macrobenthos"," 131495","Species"
"Animalia","Cnidaria","Hydrozoa","Leptothecata","Laodiceidae","Laodicea","Laodicea undulata","Laodicea undulata",NA,NA,NA," 117725","Species"
"Animalia","Annelida","Polychaeta","Spionida","Spionidae","Laonice","Laonice cirrata","Laonice cirrata","macrobenthos","Macrobenthos","Macrobenthos"," 131128","Species"
"Animalia","Mollusca","Bivalvia","Galeommatida","Lasaeidae","Lasaea","Lasaea adansoni","Lasaea adansoni","benthos","Macrobenthos","Macrobenthos"," 178911","Species"
"Animalia","Mollusca","Bivalvia","Galeommatida","Lasaeidae","Lasaea","Lasaea rubra","Lasaea rubra","benthos","Macrobenthos","Macrobenthos"," 140176","Species"
"Animalia","Arthropoda","Hexapoda","Hymenoptera","Formicidae","Lasius","Lasius niger","Lasius niger",NA,NA,NA,"1490360","Species"
"Chromista","Ochrophyta","Phaeophyceae","Ectocarpales","Chordariaceae","Leathesia","Leathesia","Leathesia","macroalgae","Macroalgae","Macroalgae"," 143973","Genus"
"Chromista","Ochrophyta","Phaeophyceae","Ectocarpales","Chordariaceae","Leathesia","Leathesia marina","Leathesia marina","macroalgae","Macroalgae","Macroalgae"," 494940","Species"
"Animalia","Mollusca","Polyplacophora","Chitonida","Tonicellidae","Lepidochitona","Lepidochitona cinerea","Lepidochitona cinerea","benthos","Macrobenthos","Macrobenthos"," 152774","Species"
"Animalia","Annelida","Polychaeta","Phyllodocida","Polynoidae","Lepidonotus","Lepidonotus clava","Lepidonotus clava","macrobenthos","Macrobenthos","Macrobenthos"," 130800","Species"
"Animalia","Annelida","Polychaeta","Phyllodocida","Polynoidae","Lepidonotus","Lepidonotus squamatus","Lepidonotus squamatus","macrobenthos","Macrobenthos","Macrobenthos"," 130801","Species"
"Plantae","Rhodophyta","Florideophyceae","Ceramiales","Rhodomelaceae","Leptosiphonia","Leptosiphonia brodiei","Leptosiphonia brodiei","macroalgae","Macroalgae","Macroalgae","1340377","Species"
"Plantae","Rhodophyta","Florideophyceae","Ceramiales","Rhodomelaceae","Leptosiphonia","Leptosiphonia fibrillosa","Leptosiphonia fibrillosa","macroalgae","Macroalgae","Macroalgae","1339221","Species"
"Animalia","Cnidaria","Hydrozoa","Anthoathecata","Pandeidae","Leuckartiara","Leuckartiara nobilis","Leuckartiara nobilis",NA,NA,NA," 117790","Species"
"Animalia","Cnidaria","Hydrozoa","Anthoathecata","Pandeidae","Leuckartiara","Leuckartiara octona","Leuckartiara octona",NA,NA,NA," 117791","Species"
"Animalia","Mollusca","Gastropoda","Nudibranchia","Polyceridae","Limacia","Limacia clavigera","Limacia clavigera","benthos","Macrobenthos","Macrobenthos"," 140830","Species"
"Animalia","Mollusca","Gastropoda",NA,"Limapontiidae","Limapontia","Limapontia capitata","Limapontia capitata","benthos","Macrobenthos","Macrobenthos"," 140229","Species"
"Animalia","Mollusca","Gastropoda",NA,"Limapontiidae","Limapontia","Limapontia senestra","Limapontia senestra","benthos","Macrobenthos","Macrobenthos"," 140231","Species"
"Animalia","Annelida","Clitellata","Tubificida","Naididae","Limnodrilus","Limnodrilus hoffmeisteri","Limnodrilus hoffmeisteri","macrobenthos","Macrobenthos","Macrobenthos"," 137556","Species"
"Plantae","Rhodophyta","Florideophyceae","Corallinales","Lithophyllaceae","Lithophyllum","Lithophyllum hibernicum","Lithophyllum hibernicum","macroalgae","Macroalgae","Macroalgae"," 145151","Species"
"Plantae","Rhodophyta","Florideophyceae","Corallinales","Lithophyllaceae","Lithophyllum","Lithophyllum orbiculatum","Lithophyllum orbiculatum","macroalgae","Macroalgae","Macroalgae"," 145157","Species"
"Animalia","Mollusca","Gastropoda","Littorinimorpha","Littorinidae","Littorina","Littorina","Littorina","benthos","Macrobenthos","Macrobenthos"," 138135","Genus"
"Animalia","Mollusca","Gastropoda","Littorinimorpha","Littorinidae","Littorina","Littorina fabalis","Littorina fabalis","benthos","Macrobenthos","Macrobenthos"," 140261","Species"
"Animalia","Mollusca","Gastropoda","Littorinimorpha","Littorinidae","Littorina","Littorina littorea","Littorina littorea","benthos","Macrobenthos","Macrobenthos"," 140262","Species"
"Animalia","Mollusca","Gastropoda","Littorinimorpha","Littorinidae","Littorina","Littorina obtusata","Littorina obtusata","benthos","Macrobenthos","Macrobenthos"," 140263","Species"
"Animalia","Mollusca","Gastropoda","Littorinimorpha","Littorinidae","Littorina","Littorina saxatilis","Littorina saxatilis","benthos","Macrobenthos","Macrobenthos"," 140264","Species"
"Animalia","Cnidaria","Hydrozoa","Anthoathecata","Rathkeidae","Lizzia","Lizzia blondina","Lizzia blondina",NA,NA,NA," 117345","Species"
"Plantae","Rhodophyta","Florideophyceae","Rhodymeniales","Lomentariaceae","Lomentaria","Lomentaria articulata","Lomentaria articulata","macroalgae","Macroalgae","Macroalgae"," 145821","Species"
"Plantae","Rhodophyta","Florideophyceae","Rhodymeniales","Lomentariaceae","Lomentaria","Lomentaria clavellosa","Lomentaria clavellosa","macroalgae","Macroalgae","Macroalgae"," 145825","Species"
"Animalia","Annelida","Clitellata","Enchytraeida","Enchytraeidae","Lumbricillus","Lumbricillus","Lumbricillus","benthos","Macrobenthos","Macrobenthos"," 137351","Genus"
"Animalia","Annelida","Clitellata","Enchytraeida","Enchytraeidae","Lumbricillus","Lumbricillus buelowi","Lumbricillus buelowi","benthos","Macrobenthos","Macrobenthos"," 137427","Species"
"Animalia","Annelida","Clitellata","Enchytraeida","Enchytraeidae","Lumbricillus","Lumbricillus kaloensis","Lumbricillus kaloensis","benthos","Macrobenthos","Macrobenthos"," 137436","Species"
"Animalia","Annelida","Clitellata","Enchytraeida","Enchytraeidae","Lumbricillus","Lumbricillus lineatus","Lumbricillus lineatus","macrobenthos","Macrobenthos","Macrobenthos"," 137438","Species"
"Animalia","Annelida","Clitellata","Enchytraeida","Enchytraeidae","Lumbricillus","Lumbricillus rutilus","Lumbricillus rutilus","benthos","Macrobenthos","Macrobenthos","1071789","Species"
"Animalia","Annelida","Clitellata","Enchytraeida","Enchytraeidae","Lumbricillus","Lumbricillus viridis","Lumbricillus viridis","benthos","Macrobenthos","Macrobenthos"," 137454","Species"
"Animalia","Annelida","Clitellata","Crassiclitellata","Lumbricidae","Lumbricus","Lumbricus rubellus","Lumbricus rubellus","macrobenthos","Macrobenthos","Macrobenthos"," 994658","Species"
"Animalia","Annelida","Polychaeta","Eunicida","Eunicidae","Lysidice","Lysidice ninetta","Lysidice ninetta","macrobenthos","Macrobenthos","Macrobenthos"," 130071","Species"
"Animalia","Annelida","Polychaeta",NA,"Magelonidae","Magelona","Magelona johnstoni","Magelona johnstoni","benthos","Macrobenthos","Macrobenthos"," 130269","Species"
"Animalia","Annelida","Polychaeta","Spionida","Spionidae","Malacoceros","Malacoceros fuliginosus","Malacoceros fuliginosus","macrobenthos","Macrobenthos","Macrobenthos"," 131131","Species"
"Animalia","Mollusca","Gastropoda","Trochida","Margaritidae","Margarites","Margarites helicinus","Margarites helicinus","benthos","Macrobenthos","Macrobenthos"," 141821","Species"
"Animalia","Annelida","Polychaeta","Eunicida","Eunicidae","Marphysa","Marphysa sanguinea","Marphysa sanguinea","macrobenthos","Macrobenthos","Macrobenthos"," 130075","Species"
"Animalia","Echinodermata","Asteroidea","Forcipulatida","Asteriidae","Marthasterias","Marthasterias glacialis","Marthasterias glacialis","benthos","Macrobenthos","Macrobenthos"," 123803","Species"
"Plantae","Rhodophyta","Florideophyceae","Gigartinales","Phyllophoraceae","Mastocarpus","Mastocarpus stellatus","Mastocarpus stellatus","macroalgae","Macroalgae","Macroalgae"," 145650","Species"
"Plantae","Rhodophyta","Florideophyceae","Ceramiales","Rhodomelaceae","Melanothamnus","Melanothamnus harveyi","Melanothamnus harveyi","algae","Other","Plankton","1027787","Species"
"Animalia","Cnidaria","Hydrozoa","Leptothecata","Melicertidae","Melicertum","Melicertum octocostatum","Melicertum octocostatum",NA,NA,NA," 117743","Species"
"Animalia","Arthropoda","Malacostraca","Amphipoda","Melitidae","Melita","Melita palmata","Melita palmata","macrobenthos","Macrobenthos","Macrobenthos"," 102843","Species"
"Plantae","Rhodophyta","Florideophyceae","Hapalidiales","Hapalidiaceae","Melobesia","Melobesia membranacea","Melobesia membranacea","macroalgae","Macroalgae","Macroalgae"," 145182","Species"
"Animalia","Bryozoa","Gymnolaemata","Cheilostomatida","Membraniporidae","Membranipora","Membranipora membranacea","Membranipora membranacea","macrobenthos","Macrobenthos","Macrobenthos"," 111411","Species"
"Plantae","Rhodophyta","Florideophyceae","Ceramiales","Delesseriaceae","Membranoptera","Membranoptera alata","Membranoptera alata","macroalgae","Macroalgae","Macroalgae"," 144758","Species"
"Chromista","Ochrophyta","Phaeophyceae","Ectocarpales","Chordariaceae","Mesogloia","Mesogloia vermiculata","Mesogloia vermiculata","macroalgae","Macroalgae","Macroalgae"," 144924","Species"
"Plantae","Rhodophyta","Florideophyceae","Hapalidiales","Mesophyllumaceae","Mesophyllum","Mesophyllum lichenoides","Mesophyllum lichenoides","macroalgae","Macroalgae","Macroalgae"," 145188","Species"
"Plantae","Rhodophyta","Florideophyceae","Gigartinales","Kallymeniaceae","Metacallophyllis","Metacallophyllis laciniata","Metacallophyllis laciniata","algae","Other","Plankton","1311357","Species"
"Animalia","Arthropoda","Arachnida","Trombidiformes","Halacaridae","Metarhombognathus","Metarhombognathus armatus","Metarhombognathus armatus","meiobenthos","Macrobenthos","Macrobenthos"," 115006","Species"
"Chromista","Ochrophyta","Eustigmatophyceae","Eustigmatales","Monodopsidaceae","Microchloropsis","Microchloropsis salina","Microchloropsis salina","algae","Other","Plankton","1359175","Species"
"Animalia","Arthropoda","Malacostraca","Amphipoda","Aoridae","Microdeutopus","Microdeutopus chelifer","Microdeutopus chelifer","macrobenthos","Macrobenthos","Macrobenthos"," 102046","Species"
"Animalia","Arthropoda","Malacostraca","Amphipoda","Aoridae","Microdeutopus","Microdeutopus stationis","Microdeutopus stationis","macrobenthos","Macrobenthos","Macrobenthos"," 102052","Species"
"Animalia","Annelida","Polychaeta","Phyllodocida","Microphthalmidae","Microphthalmus","Microphthalmus similis","Microphthalmus similis","benthos","Macrobenthos","Macrobenthos"," 130176","Species"
"Chromista","Ochrophyta","Phaeophyceae","Ectocarpales","Chordariaceae","Microspongium","Microspongium","Microspongium","macroalgae","Macroalgae","Macroalgae"," 143978","Genus"
"Chromista","Ochrophyta","Phaeophyceae","Ectocarpales","Chordariaceae","Microspongium","Microspongium alariae","Microspongium alariae","macroalgae","Macroalgae","Macroalgae"," 376211","Species"
"Chromista","Ochrophyta","Phaeophyceae","Ectocarpales","Chordariaceae","Microspongium","Microspongium globosum","Microspongium globosum","macroalgae","Macroalgae","Macroalgae"," 144973","Species"
"Animalia","Platyhelminthes",NA,"Dolichomicrostomida","Microstomidae","Microstomum","Microstomum septentrionale","Microstomum septentrionale","turbellaria","Macrobenthos","Macrobenthos"," 142799","Species"
"Animalia","Cnidaria","Hydrozoa","Leptothecata","Mitrocomidae","Mitrocomella","Mitrocomella brownei","Mitrocomella brownei",NA,NA,NA," 117754","Species"
"Animalia","Mollusca","Bivalvia","Mytilida","Modiolidae","Modiolus","Modiolus barbatus","Modiolus barbatus","benthos","Macrobenthos","Macrobenthos"," 140464","Species"
"Animalia","Mollusca","Bivalvia","Mytilida","Modiolidae","Modiolus","Modiolus modiolus","Modiolus modiolus","benthos","Macrobenthos","Macrobenthos"," 140467","Species"
"Animalia","Platyhelminthes",NA,"Proseriata","Monocelididae","Monocelis","Monocelis lineata","Monocelis lineata","turbellaria","Macrobenthos","Macrobenthos"," 143552","Species"
"Animalia","Arthropoda","Malacostraca","Amphipoda","Corophiidae","Monocorophium","Monocorophium insidiosum","Monocorophium insidiosum","macrobenthos","Macrobenthos","Macrobenthos"," 148592","Species"
"Animalia","Arthropoda","Malacostraca","Decapoda","Xanthidae","Monodaeus","Monodaeus couchii","Monodaeus couchii","macrobenthos","Macrobenthos","Macrobenthos"," 241154","Species"
"Animalia","Cnidaria","Hydrozoa","Siphonophorae","Diphyidae","Muggiaea","Muggiaea atlantica","Muggiaea atlantica",NA,NA,NA," 135441","Species"
"Animalia","Annelida","Polychaeta","Phyllodocida","Syllidae","Myrianida","Myrianida edwarsi","Myrianida edwarsi","macrobenthos","Macrobenthos","Macrobenthos"," 238194","Species"
"Chromista","Ochrophyta","Phaeophyceae","Ectocarpales","Chordariaceae","Myriogloea","Myriogloea simplex","Myriogloea simplex","macroalgae","Macroalgae","Macroalgae"," 371903","Species"
"Chromista","Ochrophyta","Phaeophyceae","Ectocarpales","Chordariaceae","Myrionema","Myrionema strangulans","Myrionema strangulans","macroalgae","Macroalgae","Macroalgae"," 144985","Species"
"Animalia","Mollusca","Bivalvia","Mytilida","Mytilidae","Mytilus","Mytilus","Mytilus","benthos","Macrobenthos","Macrobenthos"," 138228","Genus"
"Animalia","Mollusca","Bivalvia","Mytilida","Mytilidae","Mytilus","Mytilus edulis","Mytilus edulis","benthos","Macrobenthos","Macrobenthos"," 140480","Species"
"Animalia","Mollusca","Bivalvia","Mytilida","Mytilidae","Mytilus","Mytilus trossulus","Mytilus trossulus","benthos","Macrobenthos","Macrobenthos"," 140482","Species"
"Plantae","Rhodophyta","Florideophyceae","Bonnemaisoniales","Naccariaceae","Naccaria","Naccaria wiggii","Naccaria wiggii","macroalgae","Macroalgae","Macroalgae"," 145769","Species"
"Animalia","Annelida","Clitellata","Tubificida","Naididae","Nais","Nais barbata","Nais barbata","macrobenthos","Macrobenthos","Macrobenthos","1015301","Species"
"Animalia","Annelida","Clitellata","Tubificida","Naididae","Nais","Nais bretscheri","Nais bretscheri","macrobenthos","Macrobenthos","Macrobenthos","1015302","Species"
"Animalia","Annelida","Clitellata","Tubificida","Naididae","Nais","Nais communis","Nais communis","meiobenthos","Macrobenthos","Macrobenthos"," 137480","Species"
"Animalia","Annelida","Clitellata","Tubificida","Naididae","Nais","Nais elinguis","Nais elinguis","macrobenthos","Macrobenthos","Macrobenthos"," 137481","Species"
"Animalia","Cnidaria","Hydrozoa","Siphonophorae","Agalmatidae","Nanomia","Nanomia cara","Nanomia cara",NA,NA,NA," 135496","Species"
"Animalia","Arthropoda","Malacostraca","Decapoda","Polybiidae","Necora","Necora puber","Necora puber","macrobenthos","Macrobenthos","Macrobenthos"," 107398","Species"
"Plantae","Rhodophyta","Florideophyceae","Nemaliales","Nemaliaceae","Nemalion","Nemalion elminthoides","Nemalion elminthoides","macroalgae","Macroalgae","Macroalgae"," 145765","Species"
"Plantae","Rhodophyta","Florideophyceae","Nemaliales","Nemaliaceae","Nemalion","Nemalion multifidum","Nemalion multifidum","macroalgae","Macroalgae","Macroalgae"," 156261","Species"
"Animalia","Cnidaria","Hydrozoa","Leptothecata","Plumulariidae","Nemertesia","Nemertesia","Nemertesia",NA,NA,NA," 117195","Genus"
"Animalia","Cnidaria","Hydrozoa","Leptothecata","Plumulariidae","Nemertesia","Nemertesia ramosa","Nemertesia ramosa",NA,NA,NA," 117815","Species"
"Animalia","Gastrotricha",NA,"Chaetonotida","Neodasyidae","Neodasys","Neodasys chaetonotoideus","Neodasys chaetonotoideus","meiobenthos","Macrobenthos","Macrobenthos"," 114550","Species"
"Plantae","Rhodophyta","Florideophyceae","Nemaliales","Liagoraceae","Neoizziella","Neoizziella asiatica","Neoizziella asiatica","macroalgae","Macroalgae","Macroalgae"," 625011","Species"
"Plantae","Rhodophyta","Bangiophyceae","Bangiales","Bangiaceae","Neoporphyra","Neoporphyra haitanensis","Neoporphyra haitanensis","algae","Other","Plankton","1537062","Species"
"Animalia","Annelida","Polychaeta","Phyllodocida","Nephtyidae","Nephtys","Nephtys cirrosa","Nephtys cirrosa","benthos","Macrobenthos","Macrobenthos"," 130357","Species"
"Animalia","Annelida","Polychaeta","Phyllodocida","Nephtyidae","Nephtys","Nephtys hombergii","Nephtys hombergii","benthos","Macrobenthos","Macrobenthos"," 130359","Species"
"Animalia","Annelida","Polychaeta","Phyllodocida","Hesionidae","Nereimyra","Nereimyra punctata","Nereimyra punctata","benthos","Macrobenthos","Macrobenthos"," 130185","Species"
"Animalia","Annelida","Polychaeta","Phyllodocida","Nereididae","Nereis","Nereis","Nereis","benthos","Macrobenthos","Macrobenthos"," 129379","Genus"
"Animalia","Annelida","Polychaeta",NA,"Nerillidae","Nerilla","Nerilla antennata","Nerilla antennata","benthos","Macrobenthos","Macrobenthos"," 130437","Species"
"Plantae","Rhodophyta","Florideophyceae","Ceramiales","Delesseriaceae","Nitophyllum","Nitophyllum punctatum","Nitophyllum punctatum","macroalgae","Macroalgae","Macroalgae"," 144770","Species"
"Animalia","Mollusca","Gastropoda","Neogastropoda","Muricidae","Nucella","Nucella lapillus","Nucella lapillus","benthos","Macrobenthos","Macrobenthos"," 140403","Species"
"Animalia","Mollusca","Bivalvia","Nuculida","Nuculidae","Nucula","Nucula nitidosa","Nucula nitidosa","benthos","Macrobenthos","Macrobenthos"," 140589","Species"
"Animalia","Cnidaria","Hydrozoa","Leptothecata","Campanulariidae","Obelia","Obelia dichotoma","Obelia dichotoma",NA,NA,NA," 117386","Species"
"Animalia","Arthropoda","Copepoda","Cyclopoida","Oithonidae","Oithona","Oithona nana","Oithona nana","mesoplankton","Other","Plankton"," 106651","Species"
"Animalia","Arthropoda","Copepoda","Cyclopoida","Oithonidae","Oithona","Oithona similis","Oithona similis","mesoplankton","Other","Plankton"," 106656","Species"
"Animalia","Arthropoda","Copepoda","Cyclopoida","Oncaeidae","Oncaea","Oncaea","Oncaea","mesoplankton","Other","Plankton"," 128690","Genus"
"Animalia","Arthropoda","Copepoda","Cyclopoida","Oncaeidae","Oncaea","Oncaea waldemari","Oncaea waldemari","mesoplankton","Other","Plankton"," 360846","Species"
"Animalia","Mollusca","Gastropoda","Littorinimorpha","Pomatiopsidae","Oncomelania","Oncomelania hupensis","Oncomelania hupensis","benthos","Macrobenthos","Macrobenthos"," 740259","Species"
"Animalia","Mollusca","Gastropoda","Littorinimorpha","Rissoidae","Onoba","Onoba semicostata","Onoba semicostata","benthos","Macrobenthos","Macrobenthos"," 141320","Species"
"Animalia","Echinodermata","Ophiuroidea","Amphilepidida","Ophiactidae","Ophiactis","Ophiactis balli","Ophiactis balli","macrobenthos","Macrobenthos","Macrobenthos"," 125110","Species"
"Animalia","Echinodermata","Ophiuroidea","Ophiacanthida","Ophiodermatidae","Ophiarachnella","Ophiarachnella","Ophiarachnella","macrobenthos","Macrobenthos","Macrobenthos"," 123545","Genus"
"Animalia","Echinodermata","Ophiuroidea","Ophiacanthida","Ophiotomidae","Ophiocomina","Ophiocomina nigra","Ophiocomina nigra","macrobenthos","Macrobenthos","Macrobenthos"," 125027","Species"
"Animalia","Echinodermata","Ophiuroidea","Amphilepidida","Ophiotrichidae","Ophiothrix","Ophiothrix fragilis","Ophiothrix fragilis","macrobenthos","Macrobenthos","Macrobenthos"," 125131","Species"
"Animalia","Porifera","Demospongiae","Poecilosclerida","Microcionidae","Ophlitaspongia","Ophlitaspongia papilla","Ophlitaspongia papilla","macrobenthos","Macrobenthos","Macrobenthos"," 184428","Species"
"Animalia","Annelida","Polychaeta","Eunicida","Dorvilleidae","Ophryotrocha","Ophryotrocha puerilis","Ophryotrocha puerilis","benthos","Macrobenthos","Macrobenthos"," 130031","Species"
"Animalia","Annelida","Polychaeta",NA,"Orbiniidae","Orbinia","Orbinia latreillii","Orbinia latreillii","macrobenthos","Macrobenthos","Macrobenthos"," 130522","Species"
"Animalia","Cnidaria","Hydrozoa","Leptothecata","Campanulariidae","Orthopyxis","Orthopyxis integra","Orthopyxis integra",NA,NA,NA," 117393","Species"
"Animalia","Arthropoda","Hexapoda","Diptera","Sepsidae","Orygma","Orygma luctuosum","Orygma luctuosum",NA,NA,NA," 151081","Species"
"Animalia","Porifera","Homoscleromorpha","Homosclerophorida","Oscarellidae","Oscarella","Oscarella","Oscarella","macrobenthos","Macrobenthos","Macrobenthos"," 131979","Genus"
"Animalia","Porifera","Homoscleromorpha","Homosclerophorida","Oscarellidae","Oscarella","Oscarella balibaloi","Oscarella balibaloi","macrobenthos","Macrobenthos","Macrobenthos"," 564911","Species"
"Animalia","Porifera","Homoscleromorpha","Homosclerophorida","Oscarellidae","Oscarella","Oscarella lobularis","Oscarella lobularis","macrobenthos","Macrobenthos","Macrobenthos"," 133928","Species"
"Animalia","Porifera","Homoscleromorpha","Homosclerophorida","Oscarellidae","Oscarella","Oscarella viridis","Oscarella viridis","macrobenthos","Macrobenthos","Macrobenthos"," 169725","Species"
"Plantae","Rhodophyta","Florideophyceae","Ceramiales","Rhodomelaceae","Osmundea","Osmundea","Osmundea","macroalgae","Macroalgae","Macroalgae"," 143921","Genus"
"Plantae","Rhodophyta","Florideophyceae","Ceramiales","Rhodomelaceae","Osmundea","Osmundea oederi","Osmundea oederi","macroalgae","Macroalgae","Macroalgae"," 377233","Species"
"Plantae","Rhodophyta","Florideophyceae","Ceramiales","Rhodomelaceae","Osmundea","Osmundea pinnatifida","Osmundea pinnatifida","macroalgae","Macroalgae","Macroalgae"," 144847","Species"
"Animalia","Mollusca","Bivalvia","Ostreida","Ostreidae","Ostrea","Ostrea edulis","Ostrea edulis","benthos","Macrobenthos","Macrobenthos"," 140658","Species"
"Animalia","Porifera","Demospongiae","Haplosclerida","Niphatidae","Pachychalina","Pachychalina tenera","Pachychalina tenera","macrobenthos","Macrobenthos","Macrobenthos"," 178479","Species"
"Animalia","Arthropoda","Malacostraca","Decapoda","Paguridae","Pagurus","Pagurus bernhardus","Pagurus bernhardus","macrobenthos","Macrobenthos","Macrobenthos"," 107232","Species"
"Animalia","Arthropoda","Malacostraca","Decapoda","Palaemonidae","Palaemon","Palaemon elegans","Palaemon elegans","macrobenthos","Macrobenthos","Macrobenthos"," 107614","Species"
"Animalia","Arthropoda","Malacostraca","Decapoda","Palaemonidae","Palaemon","Palaemon serratus","Palaemon serratus","macrobenthos","Macrobenthos","Macrobenthos"," 107616","Species"
"Plantae","Rhodophyta","Florideophyceae","Palmariales","Palmariaceae","Palmaria","Palmaria palmata","Palmaria palmata","macroalgae","Macroalgae","Macroalgae"," 145771","Species"
"Chromista","Ochrophyta","Phaeophyceae","Ectocarpales","Chordariaceae","Papenfussiella","Papenfussiella kuromo","Papenfussiella kuromo","macroalgae","Macroalgae","Macroalgae"," 144928","Species"
"Animalia","Arthropoda","Copepoda","Calanoida","Paracalanidae","Paracalanus","Paracalanus","Paracalanus","mesoplankton","Other","Plankton"," 104196","Genus"
"Animalia","Arthropoda","Malacostraca","Amphipoda","Ischyroceridae","Parajassa","Parajassa pelagica","Parajassa pelagica","macrobenthos","Macrobenthos","Macrobenthos"," 102440","Species"
"Animalia","Annelida","Clitellata","Tubificida","Naididae","Paranais","Paranais litoralis","Paranais litoralis","macrobenthos","Macrobenthos","Macrobenthos"," 137485","Species"
"Animalia","Mollusca","Bivalvia","Cardiida","Cardiidae","Parvicardium","Parvicardium pinnulatum","Parvicardium pinnulatum","benthos","Macrobenthos","Macrobenthos"," 181343","Species"
"Animalia","Mollusca","Bivalvia","Cardiida","Cardiidae","Parvicardium","Parvicardium scabrum","Parvicardium scabrum","benthos","Macrobenthos","Macrobenthos"," 139012","Species"
"Animalia","Mollusca","Gastropoda",NA,"Patellidae","Patella","Patella","Patella","benthos","Macrobenthos","Macrobenthos"," 138312","Genus"
"Animalia","Mollusca","Gastropoda",NA,"Patellidae","Patella","Patella depressa","Patella depressa","benthos","Macrobenthos","Macrobenthos"," 151374","Species"
"Animalia","Mollusca","Gastropoda",NA,"Patellidae","Patella","Patella pellucida","Patella pellucida","benthos","Macrobenthos","Macrobenthos"," 147459","Species"
"Animalia","Mollusca","Gastropoda",NA,"Patellidae","Patella","Patella ulyssiponensis","Patella ulyssiponensis","benthos","Macrobenthos","Macrobenthos"," 140684","Species"
"Animalia","Mollusca","Gastropoda",NA,"Patellidae","Patella","Patella vulgata","Patella vulgata","benthos","Macrobenthos","Macrobenthos"," 140685","Species"
"Animalia","Arthropoda","Malacostraca","Amphipoda","Gammaridae","Pectenogammarus","Pectenogammarus planicrurus","Pectenogammarus planicrurus","macrobenthos","Macrobenthos","Macrobenthos"," 102308","Species"
"Animalia","Arthropoda","Thecostraca","Balanomorpha","Balanidae","Perforatus","Perforatus perforatus","Perforatus perforatus","benthos","Macrobenthos","Macrobenthos"," 535477","Species"
"Animalia","Mollusca","Gastropoda","Littorinimorpha","Hydrobiidae","Peringia","Peringia ulvae","Peringia ulvae","benthos","Macrobenthos","Macrobenthos"," 151628","Species"
"Chromista","Ochrophyta","Phaeophyceae","Ectocarpales","Scytosiphonaceae","Petalonia","Petalonia fascia","Petalonia fascia","macroalgae","Macroalgae","Macroalgae"," 145863","Species"
"Chromista","Ochrophyta","Phaeophyceae","Ectocarpales","Scytosiphonaceae","Petalonia","Petalonia tenella","Petalonia tenella","macroalgae","Macroalgae","Macroalgae","1356721","Species"
"Animalia","Annelida","Polychaeta","Terebellida","Pectinariidae","Petta","Petta pusilla","Petta pusilla","benthos","Macrobenthos","Macrobenthos"," 130597","Species"
"Plantae","Rhodophyta","Florideophyceae","Peyssonneliales","Peyssonneliaceae","Peyssonnelia","Peyssonnelia atropurpurea","Peyssonnelia atropurpurea","macroalgae","Macroalgae","Macroalgae"," 145274","Species"
"Plantae","Rhodophyta","Florideophyceae","Peyssonneliales","Peyssonneliaceae","Peyssonnelia","Peyssonnelia dubyi","Peyssonnelia dubyi","macroalgae","Macroalgae","Macroalgae"," 145278","Species"
"Chromista","Ochrophyta","Phaeophyceae","Ectocarpales","Chordariaceae","Phaeostroma","Phaeostroma pustulosum","Phaeostroma pustulosum","macroalgae","Macroalgae","Macroalgae"," 145455","Species"
"Animalia","Annelida","Polychaeta","Phyllodocida","Sigalionidae","Pholoe","Pholoe baltica","Pholoe baltica","benthos","Macrobenthos","Macrobenthos"," 130599","Species"
"Animalia","Annelida","Polychaeta","Phyllodocida","Sigalionidae","Pholoe","Pholoe inornata","Pholoe inornata","benthos","Macrobenthos","Macrobenthos"," 130601","Species"
"Animalia","Porifera","Demospongiae","Poecilosclerida","Hymedesmiidae","Phorbas","Phorbas dives","Phorbas dives","macrobenthos","Macrobenthos","Macrobenthos"," 133676","Species"
"Animalia","Mollusca","Gastropoda","Trochida","Trochidae","Phorcus","Phorcus lineatus","Phorcus lineatus","benthos","Macrobenthos","Macrobenthos"," 689176","Species"
"Animalia","Phoronida",NA,NA,"Phoronidae","Phoronis","Phoronis hippocrepia","Phoronis hippocrepia","macrobenthos","Macrobenthos","Macrobenthos"," 128548","Species"
"Animalia","Phoronida",NA,NA,"Phoronidae","Phoronis","Phoronis muelleri","Phoronis muelleri","macrobenthos","Macrobenthos","Macrobenthos"," 128549","Species"
"Animalia","Phoronida",NA,NA,"Phoronidae","Phoronopsis","Phoronopsis harmeri","Phoronopsis harmeri","macrobenthos","Macrobenthos","Macrobenthos"," 128555","Species"
"Animalia","Arthropoda","Malacostraca","Amphipoda","Caprellidae","Phtisica","Phtisica marina","Phtisica marina","macrobenthos","Macrobenthos","Macrobenthos"," 101864","Species"
"Plantae","Rhodophyta","Florideophyceae","Ceramiales","Delesseriaceae","Phycodrys","Phycodrys rubens","Phycodrys rubens","macroalgae","Macroalgae","Macroalgae"," 144773","Species"
"Animalia","Annelida","Polychaeta","Phyllodocida","Phyllodocidae","Phyllodoce","Phyllodoce laminosa","Phyllodoce laminosa","megabenthos","Macrobenthos","Macrobenthos"," 130670","Species"
"Animalia","Annelida","Polychaeta","Phyllodocida","Phyllodocidae","Phyllodoce","Phyllodoce lineata","Phyllodoce lineata","macrobenthos","Macrobenthos","Macrobenthos"," 334508","Species"
"Animalia","Annelida","Polychaeta","Phyllodocida","Phyllodocidae","Phyllodoce","Phyllodoce mucosa","Phyllodoce mucosa","macrobenthos","Macrobenthos","Macrobenthos"," 334512","Species"
"Plantae","Rhodophyta","Florideophyceae","Gigartinales","Phyllophoraceae","Phyllophorella","Phyllophorella peruviana","Phyllophorella peruviana","algae","Other","Plankton","1311146","Species"
"Plantae","Rhodophyta","Florideophyceae","Hapalidiales","Hapalidiaceae","Phymatolithon","Phymatolithon atlanticum","Phymatolithon atlanticum","macroalgae","Macroalgae","Macroalgae","1732685","Species"
"Plantae","Rhodophyta","Florideophyceae","Hapalidiales","Hapalidiaceae","Phymatolithon","Phymatolithon lenormandii","Phymatolithon lenormandii","macroalgae","Macroalgae","Macroalgae"," 145202","Species"
"Plantae","Rhodophyta","Florideophyceae","Hapalidiales","Hapalidiaceae","Phymatolithon","Phymatolithon purpureum","Phymatolithon purpureum","macroalgae","Macroalgae","Macroalgae"," 145203","Species"
"Plantae","Rhodophyta","Florideophyceae","Hapalidiales","Hapalidiaceae","Phymatolithon","Phymatolithon rugulosum","Phymatolithon rugulosum","macroalgae","Macroalgae","Macroalgae"," 157333","Species"
"Animalia","Cnidaria","Hydrozoa","Siphonophorae","Physaliidae","Physalia","Physalia physalis","Physalia physalis",NA,NA,NA," 135479","Species"
"Animalia","Arthropoda","Malacostraca","Decapoda","Pilumnidae","Pilumnus","Pilumnus hirtellus","Pilumnus hirtellus","macrobenthos","Macrobenthos","Macrobenthos"," 107418","Species"
"Animalia","Porifera","Demospongiae","Clionaida","Clionaidae","Pione","Pione vastifica","Pione vastifica","macrobenthos","Macrobenthos","Macrobenthos"," 157411","Species"
"Animalia","Arthropoda","Malacostraca","Decapoda","Porcellanidae","Pisidia","Pisidia longicornis","Pisidia longicornis","macrobenthos","Macrobenthos","Macrobenthos"," 107188","Species"
"Animalia","Annelida","Polychaeta","Terebellida","Terebellidae","Pista","Pista sauriaui","Pista sauriaui","benthos","Macrobenthos","Macrobenthos","1542831","Species"
"Animalia","Mollusca","Gastropoda",NA,"Limapontiidae","Placida","Placida dendritica","Placida dendritica","benthos","Macrobenthos","Macrobenthos"," 141565","Species"
"Chromista","Ochrophyta","Phaeophyceae","Ectocarpales","Scytosiphonaceae","Planosiphon","Planosiphon gracilis","Planosiphon gracilis","algae","Other","Plankton","1360916","Species"
"Animalia","Annelida","Polychaeta","Phyllodocida","Nereididae","Platynereis","Platynereis","Platynereis","benthos","Macrobenthos","Macrobenthos"," 129381","Genus"
"Animalia","Annelida","Polychaeta","Phyllodocida","Nereididae","Platynereis","Platynereis dumerilii","Platynereis dumerilii","macrobenthos","Macrobenthos","Macrobenthos"," 130417","Species"
"Plantae","Rhodophyta","Florideophyceae","Plocamiales","Plocamiaceae","Plocamium","Plocamium cartilagineum","Plocamium cartilagineum","macroalgae","Macroalgae","Macroalgae"," 145782","Species"
"Plantae","Rhodophyta","Florideophyceae","Plocamiales","Plocamiaceae","Plocamium","Plocamium lyngbyanum","Plocamium lyngbyanum","macroalgae","Macroalgae","Macroalgae"," 502848","Species"
"Plantae","Rhodophyta","Florideophyceae","Plocamiales","Plocamiaceae","Plocamium","Plocamium maggsiae","Plocamium maggsiae","macroalgae","Macroalgae","Macroalgae"," 376838","Species"
"Plantae","Rhodophyta","Florideophyceae","Ceramiales","Wrangeliaceae","Plumaria","Plumaria plumosa","Plumaria plumosa","macroalgae","Macroalgae","Macroalgae"," 144603","Species"
"Animalia","Cnidaria","Hydrozoa","Leptothecata","Plumulariidae","Plumularia","Plumularia setacea","Plumularia setacea",NA,NA,NA," 117824","Species"
"Animalia","Arthropoda","Branchiopoda","Onychopoda","Podonidae","Podon","Podon intermedius","Podon intermedius","mesoplankton","Other","Plankton"," 106276","Species"
"Animalia","Annelida","Polychaeta","Spionida","Poecilochaetidae","Poecilochaetus","Poecilochaetus serpens","Poecilochaetus serpens","benthos","Macrobenthos","Macrobenthos"," 130711","Species"
"Animalia","Mollusca","Gastropoda","Nudibranchia","Polyceridae","Polycera","Polycera","Polycera","benthos","Macrobenthos","Macrobenthos"," 138369","Genus"
"Animalia","Mollusca","Gastropoda","Nudibranchia","Polyceridae","Polycera","Polycera quadrilineata","Polycera quadrilineata","benthos","Macrobenthos","Macrobenthos"," 140838","Species"
"Animalia","Annelida","Polychaeta","Spionida","Spionidae","Polydora","Polydora cornuta","Polydora cornuta","macrobenthos","Macrobenthos","Macrobenthos"," 131143","Species"
"Animalia","Annelida","Polychaeta","Spionida","Spionidae","Polydora","Polydora hoplura","Polydora hoplura","macrobenthos","Macrobenthos","Macrobenthos"," 131146","Species"
"Animalia","Annelida","Polychaeta","Spionida","Spionidae","Polydora","Polydora onagawaensis","Polydora onagawaensis","benthos","Macrobenthos","Macrobenthos","1611501","Species"
"Animalia","Annelida","Polychaeta",NA,"Polygordiidae","Polygordius","Polygordius lacteus","Polygordius lacteus","benthos","Macrobenthos","Macrobenthos"," 130714","Species"
"Plantae","Rhodophyta","Florideophyceae","Gigartinales","Polyidaceae","Polyides","Polyides rotunda","Polyides rotunda","macroalgae","Macroalgae","Macroalgae"," 145668","Species"
"Animalia","Annelida","Polychaeta","Phyllodocida","Polynoidae","Polynoe","Polynoe scolopendrina","Polynoe scolopendrina","macrobenthos","Macrobenthos","Macrobenthos"," 130830","Species"
"Plantae","Rhodophyta","Florideophyceae","Ceramiales","Rhodomelaceae","Polysiphonia","Polysiphonia atlantica","Polysiphonia atlantica","macroalgae","Macroalgae","Macroalgae"," 144608","Species"
"Plantae","Rhodophyta","Florideophyceae","Ceramiales","Rhodomelaceae","Polysiphonia","Polysiphonia stricta","Polysiphonia stricta","macroalgae","Macroalgae","Macroalgae"," 144672","Species"
"Animalia","Arthropoda","Malacostraca","Decapoda","Porcellanidae","Porcellana","Porcellana platycheles","Porcellana platycheles","macrobenthos","Macrobenthos","Macrobenthos"," 107190","Species"
"Plantae","Rhodophyta","Bangiophyceae","Bangiales","Bangiaceae","Porphyra","Porphyra","Porphyra","macroalgae","Macroalgae","Macroalgae"," 143808","Genus"
"Plantae","Rhodophyta","Bangiophyceae","Bangiales","Bangiaceae","Porphyra","Porphyra dioica","Porphyra dioica","macroalgae","Macroalgae","Macroalgae"," 144426","Species"
"Plantae","Rhodophyta","Bangiophyceae","Bangiales","Bangiaceae","Porphyra","Porphyra purpurea","Porphyra purpurea","macroalgae","Macroalgae","Macroalgae"," 144434","Species"
"Animalia","Annelida","Polychaeta","Phyllodocida","Syllidae","Proceraea","Proceraea","Proceraea","benthos","Macrobenthos","Macrobenthos"," 129671","Genus"
"Animalia","Annelida","Polychaeta",NA,"Orbiniidae","Proscoloplos","Proscoloplos cygnochaetus","Proscoloplos cygnochaetus","benthos","Macrobenthos","Macrobenthos"," 329921","Species"
"Animalia","Annelida","Polychaeta",NA,"Protodrilidae","Protodrilus","Protodrilus ciliatus","Protodrilus ciliatus","benthos","Macrobenthos","Macrobenthos"," 130843","Species"
"Animalia","Porifera","Demospongiae","Suberitida","Suberitidae","Protosuberites","Protosuberites denhartogi","Protosuberites denhartogi","macrobenthos","Macrobenthos","Macrobenthos"," 170782","Species"
"Animalia","Porifera","Demospongiae","Suberitida","Suberitidae","Protosuberites","Protosuberites mereui","Protosuberites mereui","macrobenthos","Macrobenthos","Macrobenthos"," 890847","Species"
"Animalia","Annelida","Polychaeta","Phyllodocida","Hesionidae","Psamathe","Psamathe fusca","Psamathe fusca","benthos","Macrobenthos","Macrobenthos"," 152249","Species"
"Animalia","Echinodermata","Echinoidea","Camarodonta","Parechinidae","Psammechinus","Psammechinus miliaris","Psammechinus miliaris","epibenthos","Macrobenthos","Epibenthos"," 124319","Species"
"Plantae","Rhodophyta","Florideophyceae","Ceramiales","Rhodomelaceae","Pterosiphonia","Pterosiphonia complanata","Pterosiphonia complanata","macroalgae","Macroalgae","Macroalgae"," 146368","Species"
"Plantae","Rhodophyta","Florideophyceae","Ceramiales","Ceramiaceae","Pterothamnion","Pterothamnion crispum","Pterothamnion crispum","macroalgae","Macroalgae","Macroalgae"," 144682","Species"
"Plantae","Rhodophyta","Florideophyceae","Ceramiales","Ceramiaceae","Pterothamnion","Pterothamnion plumula","Pterothamnion plumula","macroalgae","Macroalgae","Macroalgae"," 144683","Species"
"Plantae","Rhodophyta","Florideophyceae","Ceramiales","Wrangeliaceae","Ptilota","Ptilota gunneri","Ptilota gunneri","macroalgae","Macroalgae","Macroalgae"," 144686","Species"
"Chromista","Ochrophyta","Phaeophyceae","Ectocarpales","Chordariaceae","Punctaria","Punctaria latifolia","Punctaria latifolia","macroalgae","Macroalgae","Macroalgae"," 145346","Species"
"Chromista","Ochrophyta","Phaeophyceae","Ectocarpales","Chordariaceae","Punctaria","Punctaria plantaginea","Punctaria plantaginea","macroalgae","Macroalgae","Macroalgae"," 145347","Species"
"Animalia","Mollusca","Gastropoda","Littorinimorpha","Rissoidae","Pusillina","Pusillina inconspicua","Pusillina inconspicua","benthos","Macrobenthos","Macrobenthos"," 141334","Species"
"Chromista","Ochrophyta","Phaeophyceae","Ectocarpales","Acinetosporaceae","Pylaiella","Pylaiella","Pylaiella","macroalgae","Macroalgae","Macroalgae"," 157186","Genus"
"Chromista","Ochrophyta","Phaeophyceae","Ectocarpales","Acinetosporaceae","Pylaiella","Pylaiella littoralis","Pylaiella littoralis","macroalgae","Macroalgae","Macroalgae"," 157188","Species"
"Chromista","Ochrophyta","Phaeophyceae","Ectocarpales","Acinetosporaceae","Pylaiella","Pylaiella washingtoniensis","Pylaiella washingtoniensis","macroalgae","Macroalgae","Macroalgae"," 373984","Species"
"Plantae","Rhodophyta","Bangiophyceae","Bangiales","Bangiaceae","Pyropia","Pyropia leucosticta","Pyropia leucosticta","macroalgae","Macroalgae","Macroalgae"," 626059","Species"
"Animalia","Porifera","Demospongiae","Axinellida","Raspailiidae","Raspaciona","Raspaciona aculeata","Raspaciona aculeata","macrobenthos","Macrobenthos","Macrobenthos"," 133139","Species"
"Animalia","Cnidaria","Hydrozoa","Anthoathecata","Bougainvilliidae","Rhizorhagium","Rhizorhagium arenosum","Rhizorhagium arenosum",NA,NA,NA," 231681","Species"
"Animalia","Cnidaria","Scyphozoa","Rhizostomeae","Rhizostomatidae","Rhizostoma","Rhizostoma octopus","Rhizostoma octopus","zooplankton","Other","Plankton"," 152203","Species"
"Animalia","Arthropoda","Copepoda","Harpacticoida","Rhizotrichidae","Rhizothrix","Rhizothrix minuta","Rhizothrix minuta","meiobenthos","Macrobenthos","Macrobenthos"," 116481","Species"
"Plantae","Rhodophyta","Florideophyceae","Ceramiales","Rhodomelaceae","Rhodomela","Rhodomela confervoides","Rhodomela confervoides","macroalgae","Macroalgae","Macroalgae"," 144854","Species"
"Plantae","Rhodophyta","Florideophyceae","Ceramiales","Rhodomelaceae","Rhodomela","Rhodomela lycopodioides","Rhodomela lycopodioides","macroalgae","Macroalgae","Macroalgae"," 144855","Species"
"Plantae","Rhodophyta","Florideophyceae","Palmariales","Rhodophysemataceae","Rhodophysema","Rhodophysema kjellmanii","Rhodophysema kjellmanii","macroalgae","Macroalgae","Macroalgae"," 624228","Species"
"Plantae","Rhodophyta","Florideophyceae","Palmariales","Rhodophysemataceae","Rhodophysema","Rhodophysema lundii","Rhodophysema lundii","macroalgae","Macroalgae","Macroalgae","1356591","Species"
"Plantae","Rhodophyta","Florideophyceae","Palmariales","Rhodothamniellaceae","Rhodothamniella","Rhodothamniella floridula","Rhodothamniella floridula","macroalgae","Macroalgae","Macroalgae"," 145777","Species"
"Plantae","Rhodophyta","Florideophyceae","Rhodymeniales","Rhodymeniaceae","Rhodymenia","Rhodymenia delicatula","Rhodymenia delicatula","macroalgae","Macroalgae","Macroalgae"," 145852","Species"
"Animalia","Arthropoda","Hexapoda","Hemiptera","Aphididae","Rhopalosiphum","Rhopalosiphum padi","Rhopalosiphum padi",NA,NA,NA," 990742","Species"
"Animalia","Annelida","Polychaeta","Sabellida","Fabriciidae","Rubifabriciola","Rubifabriciola tonerella","Rubifabriciola tonerella","benthos","Macrobenthos","Macrobenthos","1449377","Species"
"Animalia","Mollusca","Bivalvia","Venerida","Veneridae","Ruditapes","Ruditapes philippinarum","Ruditapes philippinarum","benthos","Macrobenthos","Macrobenthos"," 231750","Species"
"Animalia","Mollusca","Gastropoda","Runcinida","Runcinidae","Runcina","Runcina coronata","Runcina coronata","benthos","Macrobenthos","Macrobenthos"," 141411","Species"
"Animalia","Annelida","Polychaeta",NA,"Sabellariidae","Sabellaria","Sabellaria alveolata","Sabellaria alveolata","benthos","Macrobenthos","Macrobenthos"," 130866","Species"
"Animalia","Annelida","Polychaeta",NA,"Sabellariidae","Sabellaria","Sabellaria spinulosa","Sabellaria spinulosa","benthos","Macrobenthos","Macrobenthos"," 130867","Species"
"Chromista","Ochrophyta","Phaeophyceae","Tilopteridales","Phyllariaceae","Saccorhiza","Saccorhiza polyschides","Saccorhiza polyschides","macroalgae","Macroalgae","Macroalgae"," 145735","Species"
"Animalia","Cnidaria","Hydrozoa","Anthoathecata","Corynidae","Sarsia","Sarsia lovenii","Sarsia lovenii",NA,NA,NA," 117483","Species"
"Animalia","Cnidaria","Hydrozoa","Anthoathecata","Corynidae","Sarsia","Sarsia tubulosa","Sarsia tubulosa",NA,NA,NA," 117491","Species"
"Animalia","Bryozoa","Gymnolaemata","Cheilostomatida","Candidae","Scrupocellaria","Scrupocellaria scruposa","Scrupocellaria scruposa","macrobenthos","Macrobenthos","Macrobenthos"," 111250","Species"
"Chromista","Ochrophyta","Phaeophyceae","Ectocarpales","Scytosiphonaceae","Scytosiphon","Scytosiphon","Scytosiphon","macroalgae","Macroalgae","Macroalgae"," 144259","Genus"
"Chromista","Ochrophyta","Phaeophyceae","Ectocarpales","Scytosiphonaceae","Scytosiphon","Scytosiphon lomentaria","Scytosiphon lomentaria","macroalgae","Macroalgae","Macroalgae"," 145869","Species"
"Animalia","Arthropoda","Thecostraca","Balanomorpha","Balanidae","Semibalanus","Semibalanus balanoides","Semibalanus balanoides","benthos","Macrobenthos","Macrobenthos"," 106210","Species"
"Animalia","Echinodermata","Echinoidea","Spatangoida","Spatangidae","Spatangus","Spatangus purpureus","Spatangus purpureus","endobenthos","Macrobenthos","Endobenthos"," 124418","Species"
"Chromista","Ochrophyta","Phaeophyceae","Sphacelariales","Sphacelariaceae","Sphacelaria","Sphacelaria cirrosa","Sphacelaria cirrosa","macroalgae","Macroalgae","Macroalgae"," 145892","Species"
"Animalia","Mollusca","Bivalvia","Sphaeriida","Sphaeriidae","Sphaerium","Sphaerium corneum","Sphaerium corneum","benthos","Macrobenthos","Macrobenthos"," 181564","Species"
"Animalia","Mollusca","Bivalvia","Venerida","Mactridae","Spisula","Spisula subtruncata","Spisula subtruncata","benthos","Macrobenthos","Macrobenthos"," 140302","Species"
"Chromista","Ochrophyta","Phaeophyceae","Ectocarpales","Ectocarpaceae","Spongonema","Spongonema tomentosum","Spongonema tomentosum","macroalgae","Macroalgae","Macroalgae"," 145459","Species"
"Animalia","Mollusca","Gastropoda","Trochida","Trochidae","Steromphala","Steromphala cineraria","Steromphala cineraria","benthos","Macrobenthos","Macrobenthos","1039839","Species"
"Animalia","Mollusca","Gastropoda","Trochida","Trochidae","Steromphala","Steromphala umbilicaris","Steromphala umbilicaris","benthos","Macrobenthos","Macrobenthos","1039840","Species"
"Animalia","Annelida","Polychaeta","Phyllodocida","Sigalionidae","Sthenelais","Sthenelais boa","Sthenelais boa","benthos","Macrobenthos","Macrobenthos"," 131074","Species"
"Chromista","Ochrophyta","Phaeophyceae","Ectocarpales","Chordariaceae","Stictyosiphon","Stictyosiphon tortilis","Stictyosiphon tortilis","macroalgae","Macroalgae","Macroalgae"," 145355","Species"
"Chromista","Ochrophyta","Phaeophyceae","Ectocarpales","Chordariaceae","Stilophora","Stilophora tenella","Stilophora tenella","macroalgae","Macroalgae","Macroalgae"," 145009","Species"
"Chromista","Ochrophyta","Phaeophyceae","Ectocarpales","Chordariaceae","Striaria","Striaria attenuata","Striaria attenuata","macroalgae","Macroalgae","Macroalgae"," 548021","Species"
"Animalia","Porifera","Demospongiae","Suberitida","Suberitidae","Suberites","Suberites diversicolor","Suberites diversicolor","macrobenthos","Macrobenthos","Macrobenthos"," 423967","Species"
"Animalia","Annelida","Polychaeta","Phyllodocida","Syllidae","Syllis","Syllis gracilis","Syllis gracilis","macrobenthos","Macrobenthos","Macrobenthos"," 131435","Species"
"Chromista","Ochrophyta","Phaeophyceae","Dictyotales","Dictyotaceae","Taonia","Taonia atomaria","Taonia atomaria","macroalgae","Macroalgae","Macroalgae"," 145393","Species"
"Animalia","Arthropoda","Copepoda","Calanoida","Temoridae","Temora","Temora longicornis","Temora longicornis","mesoplankton","Other","Plankton"," 104878","Species"
"Animalia","Annelida","Polychaeta","Terebellida","Terebellidae","Terebella","Terebella lapidaria","Terebella lapidaria","benthos","Macrobenthos","Macrobenthos"," 131542","Species"
"Animalia","Mollusca","Gastropoda","Nudibranchia","Tergipedidae","Tergipes","Tergipes tergipes","Tergipes tergipes","benthos","Macrobenthos","Macrobenthos"," 141641","Species"
"Animalia","Annelida","Clitellata","Tubificida","Naididae","Thalassodrilus","Thalassodrilus prostatus","Thalassodrilus prostatus","macrobenthos","Macrobenthos","Macrobenthos"," 137547","Species"
"Animalia","Arthropoda","Copepoda","Harpacticoida","Thalestridae","Thalestris","Thalestris longimana","Thalestris longimana","meiobenthos","Macrobenthos","Macrobenthos"," 116619","Species"
"Plantae","Rhodophyta","Florideophyceae","Thoreales","Thoreaceae","Thorea","Thorea hispida","Thorea hispida","algae","Other","Plankton"," 610185","Species"
"Animalia","Arthropoda","Hexapoda","Thysanoptera","Thripidae","Thrips","Thrips tabaci","Thrips tabaci",NA,NA,NA," 989567","Species"
"Animalia","Arthropoda","Copepoda","Harpacticoida","Harpacticidae","Tigriopus","Tigriopus brevicornis","Tigriopus brevicornis","meiobenthos","Macrobenthos","Macrobenthos"," 116183","Species"
"Plantae","Chlorophyta","Trebouxiophyceae","Trebouxiales","Trebouxiaceae","Trebouxia","Trebouxia aggregata","Trebouxia aggregata","algae","Other","Plankton"," 615536","Species"
"Animalia","Annelida","Polychaeta","Terebellida","Trichobranchidae","Trichobranchus","Trichobranchus glacialis","Trichobranchus glacialis","macrobenthos","Macrobenthos","Macrobenthos"," 131574","Species"
"Animalia","Mollusca","Gastropoda","Trochida","Phasianellidae","Tricolia","Tricolia pullus","Tricolia pullus","benthos","Macrobenthos","Macrobenthos"," 141700","Species"
"Animalia","Mollusca","Gastropoda","Neogastropoda","Nassariidae","Tritia","Tritia incrassata","Tritia incrassata","benthos","Macrobenthos","Macrobenthos"," 876825","Species"
"Animalia","Mollusca","Gastropoda","Littorinimorpha","Triviidae","Trivia","Trivia monacha","Trivia monacha","benthos","Macrobenthos","Macrobenthos"," 141744","Species"
"Animalia","Annelida","Polychaeta","Phyllodocida","Syllidae","Trypanosyllis","Trypanosyllis zebra","Trypanosyllis zebra","macrobenthos","Macrobenthos","Macrobenthos"," 131467","Species"
"Animalia","Annelida","Clitellata","Tubificida","Naididae","Tubificoides","Tubificoides benedii","Tubificoides benedii","macrobenthos","Macrobenthos","Macrobenthos"," 137571","Species"
"Animalia","Cnidaria","Hydrozoa","Anthoathecata","Tubulariidae","Tubularia","Tubularia indivisa","Tubularia indivisa",NA,NA,NA," 117994","Species"
"Animalia","Cnidaria","Hydrozoa","Anthoathecata","Oceaniidae","Turritopsis","Turritopsis nutricula","Turritopsis nutricula",NA,NA,NA," 117440","Species"
"Animalia","Mollusca","Bivalvia","Venerida","Veneridae","Turtonia","Turtonia minuta","Turtonia minuta","benthos","Macrobenthos","Macrobenthos"," 141875","Species"
"Plantae","Chlorophyta","Ulvophyceae","Ulvales","Ulvaceae","Ulva","Ulva compressa","Ulva compressa","macroalgae","Macroalgae","Macroalgae"," 234462","Species"
"Animalia","Cnidaria","Hexacorallia","Actiniaria","Tealidae","Urticina","Urticina","Urticina",NA,NA,NA," 100706","Genus"
"Animalia","Mollusca","Bivalvia","Myida","Corbulidae","Varicorbula","Varicorbula gibba","Varicorbula gibba","benthos","Macrobenthos","Macrobenthos"," 378492","Species"
"Animalia","Arthropoda","Thecostraca","Verrucomorpha","Verrucidae","Verruca","Verruca stroemia","Verruca stroemia","benthos","Macrobenthos","Macrobenthos"," 106257","Species"
"Plantae","Rhodophyta","Florideophyceae","Ceramiales","Rhodomelaceae","Vertebrata","Vertebrata byssoides","Vertebrata byssoides","macroalgae","Macroalgae","Macroalgae"," 631828","Species"
"Plantae","Rhodophyta","Florideophyceae","Ceramiales","Rhodomelaceae","Vertebrata","Vertebrata fucoides","Vertebrata fucoides","macroalgae","Macroalgae","Macroalgae"," 637672","Species"
"Plantae","Rhodophyta","Florideophyceae","Ceramiales","Rhodomelaceae","Vertebrata","Vertebrata lanosa","Vertebrata lanosa","macroalgae","Macroalgae","Macroalgae"," 475211","Species"
"Plantae","Rhodophyta","Florideophyceae","Ceramiales","Rhodomelaceae","Vertebrata","Vertebrata thuyoides","Vertebrata thuyoides","macroalgae","Macroalgae","Macroalgae"," 668195","Species"
"Plantae","Rhodophyta","Florideophyceae","Ceramiales","Rhodomelaceae","Vertebrata","Vertebrata woodii","Vertebrata woodii","macroalgae","Macroalgae","Macroalgae"," 655923","Species"
"Animalia","Bryozoa","Gymnolaemata","Ctenostomatida","Vesiculariidae","Vesicularia","Vesicularia spinosa","Vesicularia spinosa","macrobenthos","Macrobenthos","Macrobenthos"," 111669","Species"
"Plantae","Rhodophyta","Florideophyceae","Batrachospermales","Batrachospermaceae","Virescentia","Virescentia helminthosa","Virescentia helminthosa","algae","Other","Plankton","1367561","Species"
"Animalia","Mollusca","Gastropoda","Littorinimorpha","Eulimidae","Vitreolina","Vitreolina antiflexa","Vitreolina antiflexa",NA,NA,NA," 139896","Species"
"Plantae","Rhodophyta","Bangiophyceae","Bangiales","Bangiaceae","Wildemania","Wildemania amplissima","Wildemania amplissima","macroalgae","Macroalgae","Macroalgae"," 501881","Species"
"Animalia","Arthropoda","Malacostraca","Decapoda","Xanthidae","Xantho","Xantho hydrophilus","Xantho hydrophilus","macrobenthos","Macrobenthos","Macrobenthos"," 107440","Species"
"Animalia","Arthropoda","Malacostraca","Decapoda","Xanthidae","Xantho","Xantho pilipes","Xantho pilipes","macrobenthos","Macrobenthos","Macrobenthos"," 107441","Species"
"Animalia","Cnidaria","Hydrozoa","Anthoathecata","Zancleidae","Zanclea","Zanclea giancarloi","Zanclea giancarloi",NA,NA,NA," 231662","Species"
"Animalia","Cnidaria","Hydrozoa","Anthoathecata","Zancleidae","Zanclea","Zanclea sessilis","Zanclea sessilis",NA,NA,NA," 117999","Species"
